search_name,,,,
H2O,,,,
O2,,,,
ATP,,,,
NADPH,,,,
ADP,,,,
phosphate,,,,
NADH,,,,
H2O2,,,,
diphosphate,,,,
(9Z)-octadecenoyl-CoA,,,,
UDP,,,,
CO2,,,,
S-adenosyl-L-homocysteine,,,,
cholesterol,,,,
AH2,,,,
choline,,,,
chloride,,,,
UDP-alpha-D-glucuronate,,,,
nicotinamide,,,,
glycerol,,,,
acetate,,,,
glycine,,,,
(9Z,12Z)-octadecadienoate,,,
2-oxoglutarate,,,,
hexadecanoate,,,,
1-hexadecanoyl-sn-glycero-3-phosphocholine,,,,
hexadecanoyl-CoA,,,,
AMP,,,,
ethanolamine,,,,
D-glucose,,,,
glutathione,,,,
succinate,,,,
L-kynurenine,,,,
phosphocholine,,,,
acetyl-CoA,,,,
glyoxylate,,,,
malonyl-CoA,,,,
1,2-diacyl-sn-glycero-3-phosphoethanolamine,,,
tetradecanoate,,,,
kynurenate,,,,
formate,,,,
alpha-D-glucose,,,,
estrone,,,,
dodecanoate,,,,
(5Z,8Z,11Z,14Z,17Z)-eicosapentaenoate
sphing-4-enine,,,,
L-glutamate,,,,
urate,,,,
prostaglandin E2,,,,
formaldehyde,,,,
L-phenylalanine,,,,
1-hexadecanoyl-sn-glycero-3-phosphate,,,,
pyruvate,,,,
17beta-estradiol,,,,
dopamine,,,,
cholesteryl 3-beta-D-glucoside,,,,
sn-glycerol 3-phosphocholine,,,,
androst-4-ene-3,17-dione,,,
all-trans-retinol,,,,
tetradecanoyl-CoA,,,,
prostaglandin F2alpha,,,,
taurine,,,,
17beta-hydroxy-5alpha-androstan-3-one,,,,
D-galactose,,,,
prostaglandin H2,,,,
hypoxanthine,,,,
estrone 3-sulfate,,,,
L-leucine,,,,
L-serine,,,,
serotonin,,,,
octadecanoyl-CoA,,,,
all-trans-retinoate,,,,
L-cysteine,,,,
sphingomyelin,,,,
adenosine,,,,
progesterone,,,,
leukotriene A4,,,,
4-methyl-2-oxopentanoate,,,,
17alpha-hydroxyprogesterone,,,,
hydrogencarbonate,,,,
octadecanoate,,,,
guanine,,,,
aldehyde,,,,
corticosterone,,,,
cortisol,,,,
3-phenylpyruvate,,,,
1-octadecanoyl-sn-glycero-3-phosphocholine,,,,
prostaglandin D2,,,,
2-oxobutanoate,,,,
inosine,,,,
1,2-dihexadecanoyl-sn-glycero-3-phosphocholine,,,
alcohol,,,,
thymidine,,,,
urea,,,,
L-arginine,,,,
dodecanoyl-CoA,,,,
testosterone,,,,
tauroursodeoxycholate,,,,
2-acylglycerol,,,,
dehydroepiandrosterone 3-sulfate,,,,
taurochenodeoxycholate,,,,
sphing-4-enine 1-phosphate,,,,
D-fructose,,,,
quinol,,,,
dTMP,,,,
L-2-aminoadipate,,,,
cholate,,,,
squalene,,,,
3beta-hydroxyandrost-5-en-17-one,,,,
octanoyl-CoA,,,,
methotrexate,,,,
uridine,,,,
13-cis-retinol,,,,
2-hydroxy-17beta-estradiol,,,,
(14R,15S)-epoxy-(5Z,8Z,11Z)-eicosatrienoate,
L-homocysteine,,,,
beta-D-fructose 6-phosphate,,,,
(15S)-hydroxy-(5Z,8Z,11Z,13E)-eicosatetraenoate,
glutathione disulfide,,,,
chenodeoxycholate,,,,
L-fucose,,,,
UMP,,,,
leukotriene C4,,,,
GTP,,,,
guanosine,,,,
taurodeoxycholate,,,,
taurocholate,,,,
phosphoethanolamine,,,,
spermidine,,,,
L-tryptophan,,,,
substance P,,,,
quinone,,,,
glycocholate,,,,
all-trans-retinal,,,,
(9Z,12Z)-octadecadienoyl-CoA,,,
5alpha-androstan-3,17-dione,,,
riboflavin,,,,
2-oxoadipate,,,,
5alpha-androstane-3alpha,17beta-diol,,,
cytidine,,,,
20S-hydroxycholecalciferol,,,,
glycochenodeoxycholate,,,,
1-octadecanoyl-sn-glycero-3-phosphate,,,,
21-hydroxyprogesterone,,,,
glycoursodeoxycholate,,,,
daunorubicin,,,,
L-isoleucine,,,,
25-hydroxy-24-oxocalciol,,,,
indole-3-pyruvate,,,,
L-methionine,,,,
citrate,,,,
lanosterol,,,,
glycine betaine,,,,
1-dodecanoylglycerol,,,,
2-hydroxyestrone,,,,
eicosanoyl-CoA,,,,
lathosterol,,,,
L-dehydroascorbate,,,,
histamine,,,,
N-acetyl-beta-D-galactosamine,,,,
1-hexadecanoylglycerol,,,,
1-tetradecanoyl-sn-glycerol 3-phosphate,,,,
2-glyceryl-prostaglandin H2,,,,
L-aspartate,,,,
1-tetradecanoylglycerol,,,,
isopentenyl diphosphate,,,,
glutarate,,,,
1-octadecanoylglycerol,,,,
1-decanoylglycerol,,,,
(7Z,10Z,13Z,16Z,19Z)-docosapentaenoate
(8Z,11Z,14Z)-eicosatrienoate,,
secalciferol,,,,
(9Z,12Z,15Z)-octadecatrienoate,,
9-cis-retinol,,,,
acetylcholine,,,,
adenine,,,,
prostaglandin G2,,,,
beta-alanine,,,,
presqualene diphosphate,,,,
pregnenolone,,,,
5-phospho-alpha-D-ribose 1-diphosphate,,,,
tetracosanoyl-CoA,,,,
ADP-D-ribose,,,,
4-methylpentanal,,,,
(15Z)-tetracosenoate,,,,
15-oxo-(5Z,8Z,11Z,13E)-eicosatetraenoate,
ganglioside GM1,,,,
xanthine,,,,
thymine,,,,
(5Z,8Z,11Z,14Z,17Z)-eicosapentaenoyl-CoA
4-hydroxy-17beta-estradiol,,,,
androsterone,,,,
N-dodecanoylsphing-4-enine,,,,
11-cis-retinol,,,,
calcidiol,,,,
calcitetrol,,,,
4-hydroxyestrone,,,,
N-acylsphinganine,,,,
N-hexadecanoylsphing-4-enine,,,,
octanoate,,,,
L-glutamine,,,,
4-methylsulfanyl-2-oxobutanoate,,,,
1,2-dihexadecanoyl-sn-glycerol,,,
calcitriol,,,,
N-octadecanoylsphing-4-enine,,,,
ganglioside GM2,,,,
sulfate,,,,
decanoyl-CoA,,,,
ganglioside GD1b,,,,
diacylglycerol,,,,
catechol,,,,
candesartan,,,,
UDP-alpha-D-glucose,,,,
androst-4-ene-3,11,17-trione,,
D-aspartate,,,,
creatinine,,,,
creatine,,,,
cortisone,,,,
angiotensin II,,,,
benzaldehyde,,,,
beta-D-fructose 1,6-bisphosphate,,,
11-dehydrocorticosterone,,,,
monoacylglycerol,,,,
agmatine,,,,
all-trans-retinyl hexadecanoate,,,,
D-maltopentaose,,,,
sphinganine 1-phosphate,,,,
sphinganine,,,,
sitosterol,,,,
retinal,,,,
resolvin E1,,,,
resolvin D2,,,,
resolvin D1,,,,
10-hydroxyoctadecanoate,,,,
prostaglandin J2,,,,
prostaglandin G1,,,,
prostaglandin E1,,,,
N-phosphocreatine,,,,
17beta-hydroxyandrost-4-ene-3,11-dione,,,
oxaloacetate,,,,
pheophorbide a,,,,
pravastatin,,,,
1-hexadecanoyl-sn-glycerol,,,,
propanoate,,,,
prostaglandin A2,,,,
pemetrexed,,,,
N-octanoylsphing-4-enine,,,,
methylglyoxal,,,,
indan-1-one,,,,
methanol,,,,
5alpha-dihydrotestosterone sulfate,,,,
phosphoenolpyruvate,,,,
sn-glycero-3-phospho-L-serine,,,,
cholesteryl 3-beta-D-galactoside,,,,
tauronorcholate,,,,
tetracosanoate,,,,
thiamine,,,,
L-lysine,,,,
tauro-beta-muricholate,,,,
1,2-didecanoyl-sn-glycero-3-phosphate,,,
vincristine,,,,
uracil,,,,
1-O-hexadecyl-sn-glycero-3-phosphate,,,,
N-hexadecanoylsphinganine,,,,
lipoxin A4,,,,
N-acetyl-D-glucosamine,,,,
L,L-cystathionine,,,
itaconate,,,,
indoxyl sulfate,,,,
hypotaurine,,,,
5alpha-cholestane-3beta,5,6beta-triol,,
8-oxo-dGMP,,,,
hexadecane-1,2-diol,,,
D-maltotetraose,,,,
D-maltotriose,,,,
cholesteryl 3-beta-D-xyloside,,,,
D-threo-isocitrate,,,,
D-tryptophan,,,,
folate,,,,
glutaryl-CoA,,,,
guanidine,,,,
1,2-diacylglycerol,,,
3-oxosteroid,,,,
L-tyrosine,,,,
4,4-dimethyl-8,14-cholestadien-3beta-ol,,
UDP-alpha-D-xylose,,,,
5beta-pregnan-3,20-dione,,,
L-dopaquinone,,,,
N-acetylputrescine,,,,
D-maltohexaose,,,,
malonaldehyde,,,,
menadione,,,,
Met-enkephalin,,,,
methylamine,,,,
24,25-dihydrolanosterol,,,
hydrogen sulfide,,,,
3-hydroxy-L-kynurenine,,,,
3-deoxyglucosone,,,,
3beta-hydroxy-5beta-pregnane-20-one,,,,
3beta-hydroxy-5-androstene-7,17-dione,,,
L-tyrosylglycylglycine,,,,
15-oxoprostaglandin E1,,,,
15-oxoprostaglandin E2,,,,
(4R)-hydroxysphinganine,,,,
32-oxolanosterol,,,,
32-oxo-24,25-dihydrolanosterol,,,
(2E)-dodecenoyl-CoA,,,,
19-hydroxyandrost-4-ene-3,17-dione,,,
19-oxo-androst-4-ene-3,17-dione,,,
(2E)-hexadecenoyl-CoA,,,,
(2E)-octenoyl-CoA,,,,
32-hydroxylanosterol,,,,
32-hydroxy-24,25-dihydrolanosterol,,,
(R)-adrenaline,,,,
5,6-dihydroxyindole-2-carboxylate,,,
(9Z,12Z,15Z)-octadecatrienoyl-CoA,,
1-O-hexadecyl-sn-glycerol,,,,
menadiol,,,,
1-octanoylglycerol,,,,
(5Z,8Z,11Z)-eicosatrienoate,,
2-oxohexanoate,,,,
2-oxo-3-sulfanylpropanoate,,,,
7-oxotaurolithocholate,,,,
2-glyceryl-prostaglandin G2,,,,
20S,23-dihydroxycholecalciferol,,,
18-hydroxycorticosterone,,,,
16alpha,17alpha-estriol,,,
14alpha-formyl steroid,,,,
16alpha,17alpha-dihydroxyprogesterone,,,
3alpha-hydroxysteroid,,,,
9-cis-retinal,,,,
14alpha-hydroxymethyl steroid,,,,
7-oxoglycolithocholate,,,,
11-deoxycortisol,,,,
11beta-hydroxyandrost-4-ene-3,17-dione,,,
13-cis-retinal,,,,
alpha-D-ribose 1-phosphate,,,,
docosanoate,,,,
16alpha-hydroxyestrone,,,,
(22R)-hydroxycholesterol,,,,
5alpha-androstane-3beta,17beta-diol,,,
4-methylumbelliferone sulfate,,,,
hexanoate,,,,
17alpha-hydroxypregnenolone,,,,
4-methylumbelliferone beta-D-glucuronate,,,,
7-oxolithocholate,,,,
7-oxocholesterol,,,,
pyridoxal,,,,
20S,23,25-trihydroxycholecalciferol,,
8-oxoresolvin D1,,,,
protoporphyrin IX,,,,
9-hydroperoxy-10E-octadecenoate,,,,
1-methylnicotinamide,,,,
17-oxoresolvin D1,,,,
20S,24R-dihydroxycholecalciferol,,,
lipoxin B4,,,,
nitric oxide,,,,
pentanoate,,,,
pyridine-3-carbaldehyde,,,,
10-hydroperoxy-(8E)-octadecenoate,,,,
20S,23,24-trihydroxycholecalciferol,,
18-oxo-resolvin E1,,,,
S-benzyl-L-cysteine,,,,
5-oxopentanoate,,,,
9-oxononanoate,,,,
11beta-prostaglandin F2-ethanolamide,,,,
11beta-prostaglandin F2,,,,
15-oxoprostaglandin D2,,,,
1-O-octadecyl-sn-glycerol,,,,
cholesteryl octadecanoate,,,,
9,10-epoxyoctadecanoate,,,
O-octanoyl-(R)-carnitine,,,,
octan-1-ol,,,,
3-methyl-2-butenal,,,,
1-octadecanoyl-sn-glycerol,,,,
16alpha-hydroxyprogesterone,,,,
6beta-hydroxyprogesterone,,,,
1-O-decyl-sn-glycero-3-phosphocholine,,,,
N-methylphenylethanolamine,,,,
tricosanoate,,,,
L-citrulline,,,,
thromboxane A2,,,,
1-hexanoyl-sn-glycero-3-phosphate,,,,
prostaglandin H3,,,,
1-O-dodecyl-sn-glycero-3-phosphocholine,,,,
prostaglandin H1,,,,
indole-5,6-quinone-2-carboxylate,,,
1-tetradecanoyl-sn-glycerol,,,,
indole-3-acetaldehyde,,,,
propane-1,3-diamine,,,
trypanothione disulfide,,,,
sn-glycero-3-phospho-1D-myo-inositol,,,,
(2E)-tetradecenoyl-CoA,,,,
2-octadecanoylglycerol,,,,
alpha-D-glucose 1-phosphate,,,,
(9S)-hydroxy-(10E,12Z)-octadecadienoate,,,
9-hydroxy-(10E,12Z)-octadecadienoate,,,
ubiquinol-10,,,,
cyanamide,,,,
O-octadecanoyl-(R)-carnitine,,,,
O-hexadecanoyl-(R)-carnitine,,,,
(E,E)-2,4-hexadienal,,
beta-nicotinamide D-riboside,,,,
6alpha-hydroxy-17beta-estradiol,,,,
15alpha-hydroxy-17beta-estradiol,,,,
7alpha-hydroxy-17beta-estradiol,,,,
L-Phe-L-Phe-Gly-L-Leu-L-Met-NH2,,,,
FADH2,,,,
1-decanoyl-sn-glycero-3-phosphate,,,,
decanoate,,,,
2,4-dinitrophenyl-S-glutathione,,,
18-oxocortisol,,,,
sulfinamide-CoA,,,,
aldosterone,,,,
glutathionylspermidine,,,,
hexadecanal,,,,
2-exo-hydroxy-1,4-cineole,,,
11-hydroxytetradecanoate,,,,
9-hydroxytetradecanoate,,,,
dibutanoylglycerol,,,,
12-hydroxytetradecanoate,,,,
10-hydroxytetradecanoate,,,,
6beta,17beta-dihydroxyandrost-4-en-3-one,,,
13-cis-retinyl hexadecanoate,,,,
13-cis-retinoate,,,,
L-Phe-Gly-L-Leu-L-Met-NH2,,,,
Gly-L-Leu-L-Met-NH2,,,,
12-hydroxyoctadecanoate,,,,
18-hydroxy-11-deoxycortisol,,,,
11-cis-retinoate,,,,
2-methoxyestrone,,,,
aldose,,,,
beta-D-glucose,,,,
acrolein,,,,
all-trans-retinyl ester,,,,
all-trans-18-hydroxyretinoate,,,,
5alpha-cholest-8-en-3beta-ol,,,,
L-ascorbate,,,,
all-trans-13,14-dihydroretinoate,,,
L-phenylalanyl-L-leucine,,,,
very-long-chain 3-oxoacyl-CoA,,,,
N-acetylarylamine,,,,
ethanediol,,,,
apelin-16,,,,
apelin-12,,,,
L-histidyl-L-leucine,,,,
6beta-hydroxyandrost-4-ene-3,17-dione,,,
16alpha-hydroxyandrost-4-ene-3,17-dione,,,
5alpha-cholestan-7-oxo-3beta-ol,,,,
thiol,,,,
ubiquinol,,,,
long-chain 3-hydroxysterol ester,,,,
aldehydo-D-glucuronate,,,,
D-glucurono-3,6-lactone,,,
guaiacol,,,,
17alpha-hydroxy-C21-steroid,,,,
N,N-dimethylglycine,,,
ganglioside GA1,,,,
ribonucleoside,,,,
lysoGb3,,,,
leukotriene F4,,,,
ganglioside GA2,,,,
L-fucono-1,5-lactone,,,
L-galactono-1,5-lactone,,,
leukotriene B4,,,,
L-asparagine,,,,
10-hydroxydodecanoate,,,,
D-glyceraldehyde,,,,
6-phospho-D-glucono-1,5-lactone,,,
L-glyceraldehyde,,,,
oxalate,,,,
(2E)-decenoyl-CoA,,,,
N-acetyl-L-seryl-L-aspartate,,,,
L-lysyl-L-proline,,,,
O-decanoyl-(R)-carnitine,,,,
11-hydroxydodecanoate,,,,
firefly oxyluciferin,,,,
N-formyl-D-kynurenine,,,,
3-hydroxypyruvate,,,,
15alpha-hydroxyestrone,,,,
D-arabinono-1,5-lactone,,,
1-pyrroline-2-carboxylate,,,,
3,4-dihydroxyphenylacetaldehyde,,,
3-oxotetradecanoyl-CoA,,,,
O-dodecanoyl-R-carnitine,,,,
9-hydroxydodecanoate,,,,
8-hydroxydodecanoate,,,,
7-hydroxydodecanoate,,,,
6alpha-hydroxyestrone,,,,
20beta-dihydrocortisol,,,,
20beta-dihydrocorticosterone,,,,
L-Phe-L-Arg,,,,
lithocholate,,,,
(2E)-hexenoyl-CoA,,,,
N-acetyl-D-galactosamine,,,,
beta-D-fructose 1-phosphate,,,,
beta-casomorphin-6,,,,
L-ornithine,,,,
3-oxooctadecanoyl-CoA,,,,
ecgonine methyl ester,,,,
7alpha-hydroxycholesterol,,,,
25-hydroxycholesterol,,,,
cholesteryl hexadecanoate,,,,
hypochlorous acid,,,,
candesartan-2-N-beta-D-glucuronide,,,,
1alpha,23S,25-trihydroxycholecalciferol,,
hexadecanyl hexadecanoate,,,,
2-hydroxyhexadecyl hexadecanoate,,,,
candesartan O-beta-D-glucuronoside,,,,
