search_name,pubchem_cid,canonical_smiles,inchi,inchi_key,molecular_formula,molecular_weight,iupac_name,synonyms
spiperone,5265,,"InChI=1S/C23H26FN3O2/c24-19-10-8-18(9-11-19)21(28)7-4-14-26-15-12-23(13-16-26)22(29)25-17-27(23)20-5-2-1-3-6-20/h1-3,5-6,8-11H,4,7,12-17H2,(H,25,29)",DKGZKTPJOSAWFA-UHFFFAOYSA-N,C23H26FN3O2,395.5,"8-[4-(4-fluorophenyl)-4-oxobutyl]-1-phenyl-1,3,8-triazaspiro[4.5]decan-4-one","spiperone|749-02-0|Spiropitan|Spiroperidol|Espiperona|Spiperonum|R 5147|DTXSID5045205|8-(3-(p-Fluorobenzoyl)propyl)-1-phenyl-1,3,8-triazaspiro(4.5)decan-4-one|8-(3-p-Fluorobenzoyl-1-propyl)-4-oxo-1-phenyl-1,3,8-triazaspiro(4,5)decane|NSC-170983|8-[4-(4-fluorophenyl)-4-oxobutyl]-1-phenyl-1,3,8-triazaspiro[4.5]decan-4-one|4X6E73CJ0Q|CHEBI:9233|1,3,8-Triazaspiro(4.5)decan-4-one, 8-(4-(4-fluorophenyl)-4-oxobutyl)-1-phenyl-|R-5147|DTXCID3025205|Spiroperone|8-[3-(p-Fluorobenzoyl)propyl]-1-phenyl-1,3,8-triazaspiro[4.5]decan-4-one|1,3,8-Triazaspiro[4.5]decan-4-one, 8-[4-(4-fluorophenyl)-4-oxobutyl]-1-phenyl-|8-(4-(4-Fluorophenyl)-4-oxobutyl)-1-phenyl-1,3,8-triazaspiro[4.5]decan-4-one|8-(4-(4-fluorophenyl)-4-oxobutyl)-1-phenyl-1,3,8-triazaspiro(4.5)decan-4-one|RefChem:888546|212-024-0|[3H]spiperone|[3H]-spiperone|E 525|NSC 170983|MLS000028615|Spiroperidol;R-5147|SMR000058674|CHEMBL267930|Butyrophenone, 4'-fluoro-4-(4-oxo-1-phenyl-1,3,8-triazaspiro(4,5)decan-8-yl)-|NSC170983|NCGC00015964-09|CAS-749-02-0|1,3,8-Triazaspiro(4.5)decan-4-one, 8-(3-(p-fluorobenzoyl)propyl)-1-phenyl-|8-[4-(4-fluorophenyl)-4-oxidanylidene-butyl]-1-phenyl-1,3,8-triazaspiro[4.5]decan-4-one|Spiroperidone|Spiperonum [INN-Latin]|Espiperona [INN-Spanish]|1,3,8-Triazaspiro[4.5]decan-4-one, 8-[3-(p-fluorobenzoyl)propyl]-1-phenyl-|Spiperone [USAN:INN:BAN:JAN]|EINECS 212-024-0|BRN 0632204|UNII-4X6E73CJ0Q|SR-01000000261|Spiperone, solid|Spiropitan (TN)|Prestwick_624|[3H]-Spiroperidol|Spectrum_001143|Tocris-0995|SPIPERONE [INN]|SPIPERONE [JAN]|SPIPERONE [MI]|Spiperone (JAN/USAN)|regid855701|SPIPERONE [USAN]|Opera_ID_1551|Prestwick0_000288|Prestwick1_000288|Prestwick2_000288|Prestwick3_000288|Spectrum2_001426|Spectrum3_001460|Spectrum4_000451|Spectrum5_000987|Lopac-S-7395|GTPL99|SPIPERONE [MART.]|4-Phenyl-8-[3-(4-fluorobenzoyl)propyl]-1-oxo-2,4,8-triazaspiro[4,5]decane|cid_5265|SPIPERONE [WHO-DD]|Lopac0_001069|REGID_for_CID_5265|BSPBio_000196|BSPBio_002959|KBioGR_000862|KBioSS_001623|MLS001076321|DivK1c_000566|SCHEMBL116031|SPECTRUM1501152|SPBio_001532|SPBio_002415|BPBio1_000216|GTPL3300|orb1310763|BDBM21397|HMS501M08|KBio1_000566|KBio2_001623|KBio2_004191|KBio2_006759|KBio3_002459|TQP0726|NINDS_000566|HMS1568J18|HMS1921L09|HMS2089E16|HMS2092H17|HMS2095J18|HMS2235E11|HMS3371L01|HMS3712J18|Pharmakon1600-01501152|HY-B1371|MSK11215|Tox21_110269|CCG-38975|MFCD00055099|NSC757864|AKOS024282958|Tox21_110269_1|NSC-757864|SDCCGSBI-0051039.P004|8-[4-(4-fluorophenyl)-4-oxo-butyl]-1-phenyl-1,3,8-triazaspiro[4.5]decan-4-one|8-[4-(4-fluorophenyl)-4-oxobutyl]-4-phenyl-2,4,8-triazaspiro[4.5]decan-1-one|IDI1_000566|NCGC00015964-01|NCGC00015964-02|NCGC00015964-03|NCGC00015964-04|NCGC00015964-05|NCGC00015964-06|NCGC00015964-07|NCGC00015964-08|NCGC00015964-10|NCGC00015964-11|NCGC00015964-12|NCGC00015964-13|NCGC00015964-17|NCGC00015964-25|NCGC00016536-01|NCGC00022260-02|NCGC00022260-04|NCGC00022260-05|NCGC00022260-06|NCGC00022260-07|DA-77979|MS-26659|ST059306|SBI-0051039.P003|AB00052224|CS-0013110|NS00042134|D01051|AB00052224-15|AB00052224_16|L000569|Q3077150|SR-01000000261-5|SR-01000000261-8|BRD-K55468218-001-05-5|BRD-K55468218-001-26-1|BRD-K55468218-003-01-0|BRD-K55468218-003-02-8|WLN: T6N DXTJ A3VR DF& D-& CT5MVXN EHJ DR|8-[3-(p-Fluorobenzoyl)propyl]-1-phenyl-1,8-triazaspiro[4.5]decan-4-one|1,8-Triazaspiro[4.5]decan-4-one, 8-[3-(p-fluorobenzoyl)propyl]-1-phenyl-|1,8-Triazaspiro[4.5]decan-4-one, 8-[4-(4-fluorophenyl)-4-oxobutyl]-1-phenyl-|8-[4-(4-fluorophenyl)-4-keto-butyl]-1-phenyl-1,3,8-triazaspiro[4.5]decan-4-one|8-[4-(4-fluorophenyl)-4-oxo-butyl]-4-phenyl-2,4,8-triazaspiro[4.5]decan-1-one|1-(4-Fluorophenyl)-4-(4-hydroxy-1-phenyl-1,3,8-triazaspiro[4.5]dec-3-en-8-yl)-1-butanone #|SIP"
acetylthiocholine iodide,74629,,"InChI=1S/C7H16NOS.HI/c1-7(9)10-6-5-8(2,3)4;/h5-6H2,1-4H3;1H/q+1;/p-1",NTBLZMAMTZXLBP-UHFFFAOYSA-M,C7H16INOS,289.18,2-acetylsulfanylethyl(trimethyl)azanium;iodide,"Acetylthiocholine iodide|1866-15-5|S-Acetylthiocholine iodide|2-Acetylthioethyltrimethylammonium iodide|6SKH6P4YRN|NSC-44139|Ethanaminium, 2-(acetylthio)-N,N,N-trimethyl-, iodide (1:1)|DTXSID50883764|RefChem:109203|DTXCID701023254|217-474-1|Acetylthiocholine diiodide|Ethanaminium, 2-(acetylthio)-N,N,N-trimethyl-, iodide|MFCD00011819|2-(Acetylthio)-N,N,N-trimethylethanaminium iodide|C7H16INOS|(2-Mercaptoethyl)trimethylammonium iodide acetate|2-acetylsulfanylethyl(trimethyl)azanium;iodide|[2-(acetylsulfanyl)ethyl]trimethylazanium iodide|((2-Mercaptoethyl)trimethylammonium iodide acetate)|2-(Acetylthio)-N,N,N-trimethylethan-1-aminium iodide|Choline, S-acetylthio-, iodide|[(2-Mercaptoethyl)trimethylammonium iodide acetate]|EINECS 217-474-1|NSC 44139|ATCh iodide|acetylthiocholineiodide|Ammonium, (2-mercaptoethyl)trimethyl-, iodide acetate|Ammonium, iodide acetate|UNII-6SKH6P4YRN|2-acetylsulfanylethyl(trimethyl)azanium,iodide|SCHEMBL400577|orb2940827|CS-D1378|HY-D0904|NSC44139|WLN: 1VS2K1&1&1 &I|AKOS015904269|FA33157|GS-3419|AC-37018|SY022189|A0116|NS00081678|ST51037137|2-acetylsulfanylethyl(trimethyl)ammonium;iodide|C93437|EN300-321574|(2-Mercaptoethyl)trimethylammonium iodide, acetate|F228086|1-[2-(trimethylamino)ethylthio]ethan-1-one, iodide|S-[2-(trimethyl-.lambda.<5>-azanyl)ethyl] ethanethioate hydroiodide|S-[2-(trimethyl-.lambda.5-azanyl)ethyl] ethanethioate hydroiodide|Acetic acid, thio-, S-ester with (2-mercaptoethyl)trimethylammonium iodide"
arachidonic acid,444899,,"InChI=1S/C20H32O2/c1-2-3-4-5-6-7-8-9-10-11-12-13-14-15-16-17-18-19-20(21)22/h6-7,9-10,12-13,15-16H,2-5,8,11,14,17-19H2,1H3,(H,21,22)/b7-6-,10-9-,13-12-,16-15-",YZXBAPSDXZZRGB-DOFZRALJSA-N,C20H32O2,304.5,"(5Z,8Z,11Z,14Z)-icosa-5,8,11,14-tetraenoic acid","arachidonic acid|506-32-1|(5Z,8Z,11Z,14Z)-icosa-5,8,11,14-tetraenoic acid|(all-Z)-5,8,11,14-Eicosatetraenoic acid|cis-5,8,11,14-Eicosatetraenoic acid|5Z,8Z,11Z,14Z-eicosatetraenoic acid|5,8,11,14-Eicosatetraenoic acid, (all-Z)-|all-cis-5,8,11,14-eicosatetraenoic acid|CHEBI:15843|27YG812J1I|C20:4|DTXSID4040420|(5Z,8Z,11Z,14Z)-Icosatetraenoic acid|Arachidonate, Sodium|RefChem:5560|Fatty Acid 20:4 n-6|DTXCID2020420|All-cis-icosa-5,8,11,14-tetraenoic acid|208-033-4|Immunocytophyte|MFCD00004417|(5Z,8Z,11Z,14Z)-5,8,11,14-Eicosatetraenoic Acid|CHEMBL15594|5Z,8Z,11Z,14Z-icosatetraenoic acid|FA 20:4|ARACHIDONIC ACID (20:4, n-6)|[1-14C]Arachidonic acid|93444-49-6|5Z,8Z,11Z,14Z-Eicosatetraenoate|(14C)Arachidonic acid|Arachidonic Acid, 99%|Arachidonic Acid, >97%|Arachidonic Acid-d8 (Major, 10mg/ml in Methyl Acetate)|Arachidonsaeure|UNII-27YG812J1I|arachidonic-acid|CCRIS 6312|1adl|1gnj|1vyg|(5Z,8Z,11Z,14Z)-5,8,11,14-Eicosatetraenoic-5,6,8,9,11,12,14,15-d8 Acid; (all-Z)-5,8,11,14-Eicosatetraenoic-5,6,8,9,11,12,14,15-d8 Acid; Arachidonic Acid-5,6,8,9,11,12,14,15-2H8;|cis,cis,cis,cis-5,8,11,14-Eicosatetraenoic acid|EINECS 208-033-4|AI3-09613|(14C)-arachidonic acid|Spectrum5_001910|Arachidonic acid - 10%|Arachidonic acid - 40%|Arachidonic acid - 98%|SCHEMBL16162|BSPBio_001539|MLS001361328|ARACHIDONIC ACID [MI]|AA-[d8]|(5Z,8Z,11Z,14Z)-5,8,11,14-Eikosatetraensaeure|BML3-B03|GTPL2391|orb1303125|SCHEMBL5887680|5,8,11,14-Eicosatetraenoate|BDBM22319|ARACHIDONIC ACID [MART.]|ARACHIDONIC ACID [WHO-DD]|CHEBI:137828|HMS1361M21|HMS1791M21|HMS1989M21|HMS3402M21|HMS3649B05|Arachidonic acid, >95.0% (GC)|5,8,11,14-Eicosatetraenoic acid, labeled with carbon-14, (all-Z)-|Arachidonic acid, analytical standard|cis-D5,8,11,14-Eicosatetraenoate|LMFA01030001|s6185|AKOS015950830|MSK1762-1000M|CCG-214838|DB04557|FA40762|FA76490|FS-5880|5,8,11,14-all-cis-Eicosatetraenoate|all-cis-5,8,11,14-Eicosatetraenoate|ARACHIDONIC ACID (20:4 n-6)|IDI1_034009|cis-D5,8,11,14-Eicosatetraenoic acid|NCGC00094608-01|NCGC00094608-02|NCGC00094608-03|NCGC00094608-04|NCGC00094608-05|NCGC00094608-06|(all-Z)-5,8,11,14-Eicosatetraenoate|AC-14348|AC-33769|BP-29803|Eicosa-5Z,8Z,11Z,14Z-tetraenoic acid|FA165223|SMR000857374|ST069383|SY045398|5,8,11,14-all-cis-Eicosatetraenoic acid|HY-109590|A0781|all-cis-eicosa-5,8,11,14-tetraenoic acid|CS-0032762|cis-Delta(5,8,11,14)-eicosatetraenoic acid|5-cis,8-cis,11-cis,14-cis-Eicosatetraenoate|C00219|M03710|W15452|FA(20:4(5Z,8Z,11Z,14Z))|5-cis,8-cis,11-cis,14-cis-Eicosatetraenoic acid|506A321|Q407699|SR-01000838311|SR-01000838311-2|BRD-K03070961-001-02-8|BRD-K03070961-001-04-4|BRD-K03070961-001-08-5|BRD-K03070961-001-10-1|(5Z,8Z,11Z,14Z)-5,8,11,14-Icosatetraenoic acid|(5Z,8Z,11Z,14Z)-icosa-5,8,11,14-tetraenoicacid|(5Z,8Z,11Z,14Z)icosa-5,8,11,14-tetraenoic acid|(5Z,8Z,11Z,14Z)-5,8,11,14-Icosatetraenoic acid #|Arachidonic acid, from non-animal source, >=98.5% (GC)|Arachidonic acid, from porcine liver, >=99% (GC), liquid|D18DBC10-379C-4E78-9A50-8B791A2F4E68|Arachidonic acid, from porcine liver, >=85% (capillary GC), liquid|Arachidonic acid, 1.0 mg/mL in ethanol, certified reference material|cis-5,8,11,14-Eicosatetraenoic acid Solution in Methanol, 1000ug/mL|Arachidonic acid, from porcine liver, BioReagent, suitable for cell culture, >=99% (GC)"
dpcpx,1329,,"InChI=1S/C16H24N4O2/c1-3-9-19-14-12(15(21)20(10-4-2)16(19)22)17-13(18-14)11-7-5-6-8-11/h11H,3-10H2,1-2H3,(H,17,18)",FFBDFADSZUINTG-UHFFFAOYSA-N,C16H24N4O2,304.39,"8-cyclopentyl-1,3-dipropyl-7H-purine-2,6-dione","8-Cyclopentyl-1,3-dipropylxanthine|DPCPX|102146-07-6|1,3-dipropyl-8-cyclopentylxanthine|1,3-Dpcpx|PD-116948|8-cyclopentyl-1,3-dipropyl-7H-purine-2,6-dione|PD-116,948|9PTP4FOI9E|CHEBI:73282|8-Cyclopentyl-3,7-dihydro-1,3-dipropyl-1H-purin-2,6-dione|DTXSID50144706|8-cyclopentyl-1,3-dipropyl-3,7-dihydro-1H-purine-2,6-dione|RefChem:590425|DTXCID4067197|634-445-2|8-cyclopentyl-1,3-dipropyl-1H-purine-2,6(3H,7H)-dione|GNF-PF-2224|dipropylcyclopentylxanthine|MFCD00055117|1H-Purine-2,6-dione, 8-cyclopentyl-3,9-dihydro-1,3-dipropyl-|CHEMBL183|MLS000069347|1,3-DIPROPYL-8-CYCLOPENTYLXANTHINE [DPCPX]|SMR000058434|UNII-9PTP4FOI9E|Spectrum_000271|Tocris-0439|Opera_ID_160|Lopac-C-101|Spectrum2_001808|Spectrum3_001073|Spectrum4_001228|Spectrum5_001887|[DPCPX]|Lopac0_000381|BSPBio_002686|GTPL386|KBioGR_001696|KBioSS_000751|MLS001076525|DivK1c_000177|SCHEMBL382422|SPECTRUM2300063|SPBio_001795|orb1303289|orb1305827|SCHEMBL12648692|BCBcMAP01_000212|BDBM21173|HMS500I19|KBio1_000177|KBio2_000751|KBio2_003319|KBio2_005887|KBio3_001906|FFBDFADSZUINTG-UHFFFAOYSA-N|NINDS_000177|8-Cyclopentyl-3,7-dihydro-1,3-dipropyl-1H-purine-2,6-dione|GLXC-25218|HMS2235C14|HMS3261M03|HMS3266O21|HMS3369D05|HMS3411K21|HMS3675K21|1H-Purine-2,6-dione, 8-cyclopentyl-3,7-dihydro-1,3-dipropyl-|EX-A7108|DPCPX; PD 116,948|Tox21_500381|CCG-39732|HB2094|PDSP1_000448|PDSP1_001208|PDSP2_000446|PDSP2_001192|AKOS015900114|AKOS024458134|CCG-221685|DB12946|EX-3308|FC10753|LP00381|SDCCGSBI-0050368.P003|IDI1_000177|NCGC00015177-01|NCGC00015177-02|NCGC00015177-03|NCGC00015177-04|NCGC00015177-05|NCGC00015177-06|NCGC00015177-07|NCGC00015177-08|NCGC00015177-09|NCGC00015177-10|NCGC00015177-11|NCGC00015177-16|NCGC00023294-02|NCGC00023294-04|NCGC00023294-05|NCGC00023294-06|NCGC00023294-07|NCGC00261066-01|LS-14528|PD116948|8-Cyclopentyl-1,3-dipropylxanthine, solid|8-cyclopentyl-1,3-dipropylxanthine(DPCPX)|HY-100937|8-Cyclopentyl-1,3-dipropylxanthine [DPCPX]|CS-0020608|EU-0100381|NS00069702|PD 116,948|L000233|SR-01000003000|SR-01000075202|Q5280076|SR-01000003000-2|SR-01000075202-1|BRD-K01824921-001-02-9|BRD-K01824921-001-10-2|BRD-K01824921-001-18-5|8-cyclopentyl-1,3-dipropyl-2,3,6,7-tetrahydro-1H-purine-2,6-dione"
damgo,5462471,,"InChI=1S/C26H35N5O6/c1-17(30-25(36)21(27)14-19-8-10-20(33)11-9-19)24(35)29-16-23(34)31(2)22(26(37)28-12-13-32)15-18-6-4-3-5-7-18/h3-11,17,21-22,32-33H,12-16,27H2,1-2H3,(H,28,37)(H,29,35)(H,30,36)/t17-,21+,22+/m1/s1",HPZJMUBDEAMBFI-WTNAPCKOSA-N,C26H35N5O6,513.6,(2S)-2-amino-N-[(2R)-1-[[2-[[(2S)-1-(2-hydroxyethylamino)-1-oxo-3-phenylpropan-2-yl]-methylamino]-2-oxoethyl]amino]-1-oxopropan-2-yl]-3-(4-hydroxyphenyl)propanamide,"DAMGO|DAGO|78123-71-4|glyol|Dagol|DAMGE|2-Ala-4-mephe-5-gly-enkephalin|Tyr-ala-gly-(nme)phe-gly-ol|(D-Ala(2)-mephe(4)-gly-ol(5))enkephalin|RX 783006|2YM5VT3MNR|(2S)-2-amino-N-[(2R)-1-[[2-[[(2S)-1-(2-hydroxyethylamino)-1-oxo-3-phenylpropan-2-yl]-methylamino]-2-oxoethyl]amino]-1-oxopropan-2-yl]-3-(4-hydroxyphenyl)propanamide|Enkephalin, ala(2)-mephe(4)-gly(5)-|CHEBI:272|CHEMBL38874|Tyr-D-Ala-Gly-MePhe-Gly-ol|DTXSID30228775|Enkephalin, alanyl(2)-methylphenylalanyl(4)-glycine(5)-|[3H]DAMGO|Tyr-D-Ala-Gly-MePhe-Gly(ol)|Tyr-D-Ala-Gly-NMe-Phe-Gly-ol|Tyr-D-Ala-Gly-(NMe)Phe-Gly-ol|Tyr-D-Ala-Gly-N(Me)Phe-Gly-ol|Tyr-D-Ala-Gly-N-Me-Phe-Gly-ol|L-Tyrosyl-D-alanylglycyl-N-(2-hydroxyethyl)-Nalpha-methyl-L-phenylalaninamide|(2S)-2-[[2-[[(2R)-2-[[(2S)-2-amino-3-(4-hydroxyphenyl)propanoyl]amino]propanoyl]amino]acetyl]-methylamino]-N-(2-hydroxyethyl)-3-phenylpropanamide|(2S)-2-amino-N-[(1R)-2-[[2-[[(1S)-1-benzyl-2-(2-hydroxyethylamino)-2-oxo-ethyl]-methyl-amino]-2-oxo-ethyl]amino]-1-methyl-2-oxo-ethyl]-3-(4-hydroxyphenyl)propanamide|Ala(2)-mephe(4)-gly-ol(5) enkephalin|Tyr-D-Ala-Gly-N-Methyl-Phe-Gly-ol|D-Ala2-MePhe4-Met(0)5-enkephalin-ol|Enkephalin, Ala(2)-MePhe(4)-Gly-ol(5)-|C26H35N5O6|(2S)-2-((2-(((2R)-2-(((2S)-2-amino-3-(4-hydroxyphenyl)propanoyl)amino)propanoyl)amino)acetyl)-methylamino)-N-(2-hydroxyethyl)-3-phenylpropanamide|(2S)-2-amino-N-((1R)-2-((2-(((1S)-1-benzyl-2-(2-hydroxyethylamino)-2-oxo-ethyl)-methyl-amino)-2-oxo-ethyl)amino)-1-methyl-2-oxo-ethyl)-3-(4-hydroxyphenyl)propanamide|H-Tyr-D-Ala-Gly-N-Me-Phe-Glycinol|DAMGO TFA Salt|[D-Ala2, NMe-Phe4, Gly-ol5]-enkephalin|RefChem:1082957|RX783006;Dagol|L-Phenylalaninamide, L-tyrosyl-D-alanylglycyl-N-(2-hydroxyethyl)-Nalpha-methyl-|Tyr-DAla-Gly-MePhe-Gly-ol|SCHEMBL725750|GTPL1647|orb1302927|Tyr-D-Ala-Gly-NMePhe-Gly-ol|BDBM21015|H-Tyr-D-Ala-Gly-MePhe-Gly-ol|Tyr-D-Ala2-Gly-NMePhe-Gly-ol|DTXCID80151266|HPZJMUBDEAMBFI-WTNAPCKOSA-N|HY-P0210|Tyr-D-Ala-Gly-N(CH3)Phe-Gly-ol|HB2409|MFCD00076432|AKOS024456435|NCGC00167303-01|AS-83278|BD173150|BD174973|DA-72545|CS-0021316|G12226|Q5204254|[tyrosyl-3,5-3H(N)]-D-Ala2-Mephe4-glyol5-enkephalin|3: PN: WO2009046859 PAGE: 98 CLAIMED PROTEIN|158: PN: US20030176421 PAGE: 54-55 CLAIMED PROTEIN|L-TYROSYL-D-ALANYLGLYCYL-N-(2-HYDROXYETHYL)-N.ALPHA.-METHYL-L-PHENYLALANINAMIDE|(2S)-2-{2-[(2R)-2-[(2S)-2-amino-3-(4-hydroxyphenyl)propanamido]propanamido]-N-methylacetamido}-N-(2-hydroxyethyl)-3-phenylpropanamide|Benzenepropanimidic?acid, .alpha.-amino-4-hydroxy-N-[(1R,2Z)-2-hydroxy-2-[[2-[[(1S,2Z)-2-hydroxy-2-[(2-hydroxyethyl)imino]-1-(phenylmethyl)ethyl]methylamino]-2-oxoethyl]imino]-1-methylethyl]-, (.alpha.S)-"
unknown 0mer,unknown,unknown,unknown,unknown,unknown,unknown,unknown,unknown
cp-55940,104895,,"InChI=1S/C24H40O3/c1-4-5-6-7-14-24(2,3)19-11-13-21(23(27)16-19)22-17-20(26)12-10-18(22)9-8-15-25/h11,13,16,18,20,22,25-27H,4-10,12,14-15,17H2,1-3H3/t18-,20-,22-/m1/s1",YNZFFALZMRAPHQ-SYYKKAFVSA-N,C24H40O3,376.6,"2-[(1R,2R,5R)-5-hydroxy-2-(3-hydroxypropyl)cyclohexyl]-5-(2-methyloctan-2-yl)phenol","CP55940|CP-55940|CP55,940|CP-55,940|8YX8JK1BQG|KFY70972J5|CP 55,940|CP 55940|Phenol, 5-(1,1-dimethylheptyl)-2-((1R,2R,5R)-5-hydroxy-2-(3-hydroxypropyl)cyclohexyl)-, rel-|5-(1,1-Dimethylheptyl)-2-[5-hydroxy-2-(3-hydroxypropyl)cyclohexyl]phenol|J259.891D|Phenol, 5-(1,1-dimethylheptyl)-2-(5-hydroxy-2-(3-hydroxypropyl)cyclohexyl)-, (1alpha,2beta,5alpha)-|5-(1,1-Dimethylheptyl)-2-(5-hydroxy-2-(3-hydroxypropyl)cyclohexyl)phenol|RefChem:528895|83002-04-4|2-[(1r,2r,5r)-5-hydroxy-2-(3-hydroxypropyl)cyclohexyl]-5-(2-methyloctan-2-yl)phenol|83003-12-7|[3H]CP55940|Phenol,5-(1,1-dimethylheptyl)-2-[(1R,2R,5R)-5-hydroxy-2-(3-hydroxypropyl)cyclohexyl]-, rel-(-)-|SR-01000075740|UNII-8YX8JK1BQG|CP 56667|UNII-KFY70972J5|CP-56,667|2-((1R,2R,5R)-5-hydroxy-2-(3-hydroxypropyl)cyclohexyl)-5-(2-methyloctan-2-yl)phenol|Phenol, 5-(1,1-dimethylheptyl)-2-[(1R,2R,5R)-5-hydroxy-2-(3-hydroxypropyl)cyclohexyl]-|YNZFFALZMRAPHQ-SYYKKAFVSA-N|DTXSID401017713|9GF|PHENOL, 5-(1,1-DIMETHYLHEPTYL)-2-((1R,2R,5R)-5-HYDROXY-2-(3-HYDROXYPROPYL)CYCLOHEXYL)-|(-)-CP-55940|Lopac-C-1112|Lopac0_000189|GTPL730|GTPL734|ChEMBL_75020|MLS002153159|orb610292|CHEMBL48552|SCHEMBL120410|CHEMBL559612|SCHEMBL29357432|DTXSID80875516|HMS2236E04|HMS3649D17|BDBM50072775|NSC792743|PDSP2_000199|PDSP2_000671|AKOS024458710|CCG-204284|LP00189|NSC-792743|SDCCGSBI-0050177.P002|NCGC00015212-01|NCGC00024896-02|NCGC00024896-03|NCGC00024896-04|NCGC00024896-05|SMR001230653|CP-55940 [(-)-AC],XIV|CP-55940, >98% (HPLC), powder|EU-0100189|C 1112|(+-)-CP 55940|(+/-)-CP 55,940|(+/-)-CP-55940|SR-01000597481|CP-55940, (+/-)-|SR-01000075740-1|SR-01000075740-4|SR-01000597481-1|(1r,3r,4r)-3-[2-hydroxy-4-(1,1-dimethylheptyl)phenyl]-4-(3-hydroxypropyl)cyclohexan-1-ol|5-(1,1-Dimethyl-heptyl)-2-[(1R,2R,5R)-5-hydroxy-2-(3-hydroxy-propyl)-cyclohexyl]-phenol|rel-5-(1,1-dimethylheptyl)-2-[(1R,2R,5R)-5-hydroxy-2-(3-hydroxypropyl)cyclohexyl]-phenol|5-(1,1-Dimethyl-heptyl)-2-[(4R,6R)-5-hydroxy-2-((R)-3-hydroxy-propyl)-cyclohexyl]-phenol|PHENOL, 5-(1,1-DIMETHYLHEPTYL)-2-(5-HYDROXY-2-(3-HYDROXYPROPYL)CYCLOHEXYL)-, (1.ALPHA.,2.BETA.,5.ALPHA.)-"
8-oh-dpat,1220,,"InChI=1S/C16H25NO/c1-3-10-17(11-4-2)14-9-8-13-6-5-7-16(18)15(13)12-14/h5-7,14,18H,3-4,8-12H2,1-2H3",ASXGJMSKWNBENU-UHFFFAOYSA-N,C16H25NO,247.38,"7-(dipropylamino)-5,6,7,8-tetrahydronaphthalen-1-ol","8-OH-Dpat|78950-78-4|8-HYDROXY-2-(DI-n-PROPYLAMINO)TETRALIN|8-Hydroxy-DPAT|7-(dipropylamino)-5,6,7,8-tetrahydronaphthalen-1-ol|1-Naphthalenol, 7-(dipropylamino)-5,6,7,8-tetrahydro-|dl-8-Hydroxy-2-(dipropylamino)tetralin|IWS1724PX6|CHEBI:73364|DTXSID30897384|RefChem:388762|DTXCID00834185|1-Naphthalenol,7-(dipropylamino)-5,6,7,8-tetrahydro-|DPAT|CHEMBL56|78950-78-4 (free base)|MFCD00153811|S(-)-8-HYDROXY-DPAT HYDROBROMIDE PARTIAL  5-HT1A SECROT|[3H]-8-OH-DPAT|80300-09-0|R(+)-8-OH-dpat|UNII-IWS1724PX6|(R)-8-Hydroxy-2-dipropylaminotetralin|(+-)-8-OH-DPAT|8-hydroxy-n,n-dipropyl-2-aminotetralin|8OHDPAT|GTPL7|Biomol-NT_000095|GTPL31|cid_1220|8-OH-DPAT?|Lopac0_000576|SCHEMBL496783|BPBio1_001354|orb1690004|8-Hydroxy-DPAT; 8OH-DPAT|S(-)-8-OH-DPAT HBr|3-(dipropylamino)tetralin-5-ol|8-OH-DPAT,(+)|8-OH-DPAT,(-)|SCHEMBL29389900|BDBM21393|TQP0825|(+/-)-8-OH-DPAT|HMS3886N10|8-OH-DPAT (8-Hydroxy-DPAT)|8-hydroxy-n,n-dipropylaminotetralin|BCP25681|EX-A2914|PDSP1_000777|PDSP2_000765|AKOS030627213|CCG-204665|SDCCGSBI-0050558.P002|NCGC00015493-04|NCGC00015493-05|NCGC00015493-06|NCGC00015493-10|NCGC00024635-02|NCGC00024635-03|NCGC00024986-02|BO166474|MS-23507|DB-018083|DB-108186|HY-112061|(+/-)-8-Hydroxy-2-(dipropylamino)tetralin|CS-0043224|S8447|8-Hydroxy-2-Dipropylaminotetralinehydrobromide|G12802|(+/-)-8-hydroxy-2-(di-n-propylamino)tetralin|L000086|Q4644282|SR-01000075571-7|5,6,7,8-tetrahydro-7-(dipropylamino)-1-naphthalenol|BRD-A48015106-001-01-0|BRD-A48015106-004-03-0|BRD-A48015106-004-08-9|(+/-)-8-HYDROXY-N,N-DIPROPYL-2-AMINOTETRALIN|8-HYDROXY-2-(DI-N-PROPYLAMINO)TETRALIN, (+/-)-|(+/-)-7-(DIPROPYLAMINO)-5,6,7,8-TETRAHYDRO-1-NAPHTHALENOL|(+/-)-7-(Dipropylamino)-5,6,7,8-tetrahydro-1-naphthalenol; (+/-)-8-Hydroxy-2-(dipropylamino)tetralin(+/-)-8-Hydroxy-N,N-dipropyl-2-aminotetralin|105558-30-3"
butyrylthiocholine iodide,74630,,"InChI=1S/C9H20NOS.HI/c1-5-6-9(11)12-8-7-10(2,3)4;/h5-8H2,1-4H3;1H/q+1;/p-1",WEQAAFZDJROSBF-UHFFFAOYSA-M,C9H20INOS,317.23,2-butanoylsulfanylethyl(trimethyl)azanium;iodide,"1866-16-6|Butyrylthiocholine iodide|(2-Mercaptoethyl)trimethylammonium iodide butyrate|EINECS 217-475-7|NSC 91564|DTXSID10883765|Ammonium, (2-mercaptoethyl)trimethyl-, iodide, butyrate|Ethanaminium, N,N,N-trimethyl-2-((1-oxobutyl)thio)-, iodide (1:1)|Ethanaminium, N,N,N-trimethyl-2-[(1-oxobutyl)thio]-, iodide (1:1)|RefChem:122384|DTXCID401023255|Ammonium, (2-mercaptoethyl)trimethyl-, iodide, butyrate (8CI)|s-Butyrylthiocholine iodide|2-(butyrylthio)-n,n,n-trimethylethanaminium iodide|MFCD00011845|2-(Butyrylthio)-N,N,N-trimethylethan-1-aminium iodide|2-butanoylsulfanylethyl(trimethyl)azanium;iodide|NSC-91564|Ethanaminium, N,N,N-trimethyl-2-[(1-oxobutyl)thio]-, iodide|[2-(butanoylsulfanyl)ethyl]trimethylazanium iodide|Ethanaminium, N,N,N-trimethyl-2-((1-oxobutyl)thio)-, iodide|(Propylcarbonylthioethyl)trimethylammonium iodide|CHEMBL148530|C9H20INOS|1-[2-(trimethylamino)ethylthio]butan-1-one, iodide|VJU3Y8N7ZA|Ammonium, iodide, butyrate|2-butanoylsulfanylethyl(trimethyl)azanium,iodide|SCHEMBL608288|orb2940836|S-n-Butyrylthiocholine (iodide)|WEQAAFZDJROSBF-UHFFFAOYSA-M|CS-D1379|HY-D0905|NSC91564|AKOS015950705|FB52508|AC-37017|AS-68376|SY025184|B0775|ST51012450|EN300-321577|2-butanoylsulfanylethyl(trimethyl)ammonium;iodide|2-(Mercaptoethyl)trimethylammonium iodide butyrate|F433628|Ethanaminium,N,N-trimethyl-2-[(1-oxobutyl)thio]-, iodide"
diprenorphine,443408,,"InChI=1S/C26H35NO4/c1-23(2,29)18-13-24-8-9-26(18,30-3)22-25(24)10-11-27(14-15-4-5-15)19(24)12-16-6-7-17(28)21(31-22)20(16)25/h6-7,15,18-19,22,28-29H,4-5,8-14H2,1-3H3/t18-,19-,22-,24-,25+,26-/m1/s1",OIJXLIIMXHRJJH-KNLIIKEYSA-N,C26H35NO4,425.6,"(1S,2S,6R,14R,15R,16R)-5-(cyclopropylmethyl)-16-(2-hydroxypropan-2-yl)-15-methoxy-13-oxa-5-azahexacyclo[13.2.2.12,8.01,6.02,14.012,20]icosa-8(20),9,11-trien-11-ol","Diprenorphine|14357-78-9|Diprenorfina|Diprenorfin|Diprenorphinum|Revivon|M50-50 Injection|1F0L5N25ZZ|M. 5050|M5050|DTXSID00903941|M-5050|(1S,2S,6R,14R,15R,16R)-5-(cyclopropylmethyl)-16-(2-hydroxypropan-2-yl)-15-methoxy-13-oxa-5-azahexacyclo[13.2.2.12,8.01,6.02,14.012,20]icosa-8(20),9,11-trien-11-ol|6,14-Ethenomorphinan-7-methanol, 17-(cyclopropylmethyl)-4,5-epoxy-18,19-dihydro-3-hydroxy-6-methoxy-alpha,alpha-dimethyl-, (5alpha,7alpha)-|(1S,2S,6R,14R,15R,16R)-5-(cyclopropylmethyl)-16-(2-hydroxypropan-2-yl)-15-methoxy-13-oxa-5-azahexacyclo(13.2.2.12,8.01,6.02,14.012,20)icosa-8(20),9,11-trien-11-ol|RefChem:388941|DTXCID101331891|(1S,2R,6S,14R,15R,16R)-3-(cyclopropylmethyl)-16-(2-hydroxypropan-2-yl)-15-methoxy-13-oxa-3-azahexacyclo(13.2.2.12,?.01,?.0?,1?.0?,12)icosa-7,9,11-trien-11-ol|238-325-7|DEA No. 9058|CHEBI:4650|CHEMBL281786|RX 5050M|Diprenorphine (INN)|Diprenorphine [INN:BAN]|DIPRENORPHINE [INN]|Diprenorfina [INN-Spanish]|21-Cyclopropyl-6,7,8,14-tetrahydro-7alpha-(1-hydroxy-1-methylethyl)-6,14-endo-ethanooripavine|Diprenorphinum [INN-Latin]|UNII-1F0L5N25ZZ|EINECS 238-325-7|Diprenorphine; M 5050; M 5050 Injection|M 5050 Injection|DIPRENORPHINE-HCl|DIPRENORPHINE [MI]|M50-50|SCHEMBL164910|GTPL1617|SCHEMBL29631595|BDBM50001714|AKOS024457358|DB01548|FD03511|6,14-Ethenomorphinan-7-methanol, 17-(cyclopropylmethyl)-4,5-epoxy-18,19-dihydro-3-hydroxy-6-methoxy-.alpha.,.alpha.-dimethyl-, (5.alpha.,7.alpha.)-|DA-52578|HY-107742|NS00069824|D07863|M 5050|Q424009|epoxy-18,19-dihydro-3-hydroxy-6-methoxy-alpha,alpha-dimethyl-, (5alpha,7alpha)-|(5alpha,7alpha)-17-(Cyclopropylmethyl)-4,5-epoxy-18,19-dihydro-3-hydroxy-6-methoxy-alpha,alpha-dimethyl-6,14-ethenomorphinan-7-methanol|2-[3-cyclopropylmethyl-11-hydroxy-15-methoxy-(1S,2R,6S,14R,15R,16R)-13-oxa-3-azahexacyclo[13.2.2.12,8.01,6.06,14.07,12]icosa-7,9,11-trien-16-yl]-2-propanol|2-[3-cyclopropylmethyl-11-hydroxy-15-methoxy-(1S,2R,6S,14R,15R,16R)-13-oxa-3-azahexacyclo[13.2.2.12,8.01,6.06,14.07,12]icosa-7,9,11-trien-16-yl]-2-propanol(diprenorphine)|2-[3-cyclopropylmethyl-11-hydroxy-15-methoxy-13-oxa-3-azahexacyclo[13.2.2.12,8.01,6.06,14.07,12]icosa-7(12),8,10-trien-16-yl]-2-propanol|6,14-endo-Ethanotetrahydrooripavine, 21-cyclopropyl-7a-(1-hydroxy-1-methylethyl)- (8CI) 1-N-Cyclopropylmethyl-6,7,8,14-tetrahydro-6,14-endoethano-7-(2'-hydroxy-2'-propyl)nororipavine|6,14-ethenomorphinan-3-ol, 17-(cyclopropylmethyl)-4,5-epoxy-18,19-dihydro-18-(1-hydroxy-1-methylethyl)-6-methoxy-, (5alpha,6beta,14beta,18R)-|6,14-Ethenomorphinan-7-methanol, 17-(cyclopropylmethyl)-4,5-epoxy-18,19-dihydro-3-hydroxy-6-methoxy-alpha,alpha-dimethyl-, (5alpha,7alpha)- (9CI)"
(+)-pentazocine,12259685,,"InChI=1S/C19H27NO/c1-13(2)7-9-20-10-8-19(4)14(3)18(20)11-15-5-6-16(21)12-17(15)19/h5-7,12,14,18,21H,8-11H2,1-4H3/t14-,18+,19+/m1/s1",VOKSWYLNZZRQPF-CCKFTAQKSA-N,C19H27NO,285.4,"(1S,9S,13S)-1,13-dimethyl-10-(3-methylbut-2-enyl)-10-azatricyclo[7.3.1.02,7]trideca-2(7),3,5-trien-4-ol","(+)-Pentazocine|d-Pentazocine|(+)-cis-Pentazocine|Pentazocine, D-|Pentazocine, (+)-|(+)-alpha-Pentazocine|UNII-A2G9VU2P2J|A2G9VU2P2J|Pentazocine 2S,6S,11S-form [MI]|2,6-Methano-3-benzazocin-8-ol, 1,2,3,4,5,6-hexahydro-6,11-dimethyl-3-(3-methyl-2-buten-1-yl)-, (2S,6S,11S)-|(+)-.ALPHA.-PENTAZOCINE|(1S,9S,13S)-1,13-dimethyl-10-(3-methylbut-2-enyl)-10-azatricyclo(7.3.1.02,7)trideca-2(7),3,5-trien-4-ol|(1S,9S,13S)-1,13-dimethyl-10-(3-methylbut-2-enyl)-10-azatricyclo[7.3.1.02,7]trideca-2(7),3,5-trien-4-ol|RefChem:67486|PENTAZOCINE 2S,6S,11S-FORM|635-312-1|7361-76-4|CHEMBL60542|(+)-[3H]-Pentazocine|[3H]-(+)-Pentazocine|CHEMBL2311194|(2S,6S,11S)-6,11-dimethyl-3-(3-methylbut-2-en-1-yl)-1,2,3,4,5,6-hexahydro-2,6-methano-3-benzazocin-8-ol|(+)-pen-tazocine|(+)-Pentazocine, solid|SCHEMBL4461209|SCHEMBL30132413|DTXSID90870517|(2R,6R,11R)-6,11-Dimethyl-3-(3-methyl-but-2-enyl)-1,2,3,4,5,6-hexahydro-2,6-methano-benzo[d]azocin-8-ol|(6R,11S)-6,11-Dimethyl-3-(3-methyl-but-2-enyl)-1,2,3,4,5,6-hexahydro-2,6-methano-benzo[d]azocin-8-ol|6,11-Dimethyl-3-(3-methyl-but-2-enyl)-1,2,3,4,5,6-hexahydro-2,6-methano-benzo[d]azocin-8-ol|BDBM50035131|BDBM50423875|PDSP2_001657|(-)-Pentazocine, >=98% (HPLC)|Q27273533|(+)-(6R,11S)-6,11-dimethyl-3-(3-methyl-but-2-enyl)-1,2,3,4,5,6-hexahydro-2,6-methano-benzo[d]azocin-8-ol|(1S,9S,13S)-1,13-dimethyl-10-(3-methylbut-2-enyl)-10-azatricyclo[7.3.1.0~2,7~]trideca-2,4,6-trien-4-ol|(2R,6R,11S)-6,11-dimethyl-3-(3-methyl-but-2-enyl)-1,2,3,4,5,6-hexahydro-2,6-methano-benzo[d]azocin-8-ol|(2S,3R,6S,11S)-6,11-Dimethyl-3-(3-methyl-but-2-enyl)-1,2,3,4,5,6-hexahydro-2,6-methano-benzo[d]azocin-8-ol|(2S,6S,11S)-6,11-Dimethyl-3-(3-methyl-but-2-enyl)-1,2,3,4,5,6-hexahydro-2,6-methano-benzo[d]azocin-8-ol|6,11-Dimethyl-3-(3-methyl-but-2-enyl)-1,2,3,4,5,6-hexahydro-2,6-ethano-benzo[d]azocin-8-ol(+)-pentazocine|6,11-Dimethyl-3-(3-methyl-but-2-enyl)-1,2,3,4,5,6-hexahydro-2,6-methano-benzo[d]azocin-8-ol ((+)-Pentazocine)|6,11-Dimethyl-3-(3-methyl-but-2-enyl)-1,2,3,4,5,6-hexahydro-2,6-methano-benzo[d]azocin-8-ol anion|6,11-Dimethyl-3-(3-methyl-but-2-enyl)-1,2,3,4,5,6-hexahydro-2,6-methano-benzo[d]azocin-8-ol((+)pentazocine)"
"poly(glu, tyr) 4:1",unknown,unknown,unknown,unknown,unknown,unknown,unknown,unknown
poly [glu:tyr](4:1),unknown,unknown,unknown,unknown,unknown,unknown,unknown,unknown
cp55940,104895,,"InChI=1S/C24H40O3/c1-4-5-6-7-14-24(2,3)19-11-13-21(23(27)16-19)22-17-20(26)12-10-18(22)9-8-15-25/h11,13,16,18,20,22,25-27H,4-10,12,14-15,17H2,1-3H3/t18-,20-,22-/m1/s1",YNZFFALZMRAPHQ-SYYKKAFVSA-N,C24H40O3,376.6,"2-[(1R,2R,5R)-5-hydroxy-2-(3-hydroxypropyl)cyclohexyl]-5-(2-methyloctan-2-yl)phenol","CP55940|CP-55940|CP55,940|CP-55,940|8YX8JK1BQG|KFY70972J5|CP 55,940|CP 55940|Phenol, 5-(1,1-dimethylheptyl)-2-((1R,2R,5R)-5-hydroxy-2-(3-hydroxypropyl)cyclohexyl)-, rel-|5-(1,1-Dimethylheptyl)-2-[5-hydroxy-2-(3-hydroxypropyl)cyclohexyl]phenol|J259.891D|Phenol, 5-(1,1-dimethylheptyl)-2-(5-hydroxy-2-(3-hydroxypropyl)cyclohexyl)-, (1alpha,2beta,5alpha)-|5-(1,1-Dimethylheptyl)-2-(5-hydroxy-2-(3-hydroxypropyl)cyclohexyl)phenol|RefChem:528895|83002-04-4|2-[(1r,2r,5r)-5-hydroxy-2-(3-hydroxypropyl)cyclohexyl]-5-(2-methyloctan-2-yl)phenol|83003-12-7|[3H]CP55940|Phenol,5-(1,1-dimethylheptyl)-2-[(1R,2R,5R)-5-hydroxy-2-(3-hydroxypropyl)cyclohexyl]-, rel-(-)-|SR-01000075740|UNII-8YX8JK1BQG|CP 56667|UNII-KFY70972J5|CP-56,667|2-((1R,2R,5R)-5-hydroxy-2-(3-hydroxypropyl)cyclohexyl)-5-(2-methyloctan-2-yl)phenol|Phenol, 5-(1,1-dimethylheptyl)-2-[(1R,2R,5R)-5-hydroxy-2-(3-hydroxypropyl)cyclohexyl]-|YNZFFALZMRAPHQ-SYYKKAFVSA-N|DTXSID401017713|9GF|PHENOL, 5-(1,1-DIMETHYLHEPTYL)-2-((1R,2R,5R)-5-HYDROXY-2-(3-HYDROXYPROPYL)CYCLOHEXYL)-|(-)-CP-55940|Lopac-C-1112|Lopac0_000189|GTPL730|GTPL734|ChEMBL_75020|MLS002153159|orb610292|CHEMBL48552|SCHEMBL120410|CHEMBL559612|SCHEMBL29357432|DTXSID80875516|HMS2236E04|HMS3649D17|BDBM50072775|NSC792743|PDSP2_000199|PDSP2_000671|AKOS024458710|CCG-204284|LP00189|NSC-792743|SDCCGSBI-0050177.P002|NCGC00015212-01|NCGC00024896-02|NCGC00024896-03|NCGC00024896-04|NCGC00024896-05|SMR001230653|CP-55940 [(-)-AC],XIV|CP-55940, >98% (HPLC), powder|EU-0100189|C 1112|(+-)-CP 55940|(+/-)-CP 55,940|(+/-)-CP-55940|SR-01000597481|CP-55940, (+/-)-|SR-01000075740-1|SR-01000075740-4|SR-01000597481-1|(1r,3r,4r)-3-[2-hydroxy-4-(1,1-dimethylheptyl)phenyl]-4-(3-hydroxypropyl)cyclohexan-1-ol|5-(1,1-Dimethyl-heptyl)-2-[(1R,2R,5R)-5-hydroxy-2-(3-hydroxy-propyl)-cyclohexyl]-phenol|rel-5-(1,1-dimethylheptyl)-2-[(1R,2R,5R)-5-hydroxy-2-(3-hydroxypropyl)cyclohexyl]-phenol|5-(1,1-Dimethyl-heptyl)-2-[(4R,6R)-5-hydroxy-2-((R)-3-hydroxy-propyl)-cyclohexyl]-phenol|PHENOL, 5-(1,1-DIMETHYLHEPTYL)-2-(5-HYDROXY-2-(3-HYDROXYPROPYL)CYCLOHEXYL)-, (1.ALPHA.,2.BETA.,5.ALPHA.)-"
cAMP,compound name is too short,compound name is too short,compound name is too short,compound name is too short,compound name is too short,compound name is too short,compound name is too short,compound name is too short
pge2,compound name is too short,compound name is too short,compound name is too short,compound name is too short,compound name is too short,compound name is too short,compound name is too short,compound name is too short
p-tyramine,5610,,"InChI=1S/C8H11NO/c9-6-5-7-1-3-8(10)4-2-7/h1-4,10H,5-6,9H2",DZGWFCGJZKJUFP-UHFFFAOYSA-N,C8H11NO,137.18,4-(2-aminoethyl)phenol,"tyramine|51-67-2|4-(2-Aminoethyl)phenol|4-Hydroxyphenethylamine|2-(4-Hydroxyphenyl)ethylamine|Uteramine|Tyrosamine|Tocosine|Tyramin|Systogene|Phenol, 4-(2-aminoethyl)-|4-Hydroxyphenylethylamine|p-(2-Aminoethyl)phenol|p-Hydroxyphenethylamine|Tenosin-wirkstoff|p-Hydroxyphenylethylamine|2-(p-Hydroxyphenyl)ethylamine|p-beta-Aminoethylphenol|Benzeneethanamine, 4-hydroxy-|beta-Hydroxyphenylethylamine|alpha-(4-Hydroxyphenyl)-beta-aminoethane|DTXSID2043874|2-p-hydroxyphenylethylamine|X8ZC7V0OX3|NSC-249188|4-Hydroxy-beta-phenylethylamine|FEMA NO. 4215|beta-(4-Hydroxyphenyl)ethylamine|CHEBI:15760|4 Hydroxyphenethylamine|DTXCID0023874|RefChem:51588|200-115-8|p-Tyramine|Tyramine base|Phenethylamine, p-hydroxy-|Phenol, p-(2-aminoethyl)-|MFCD00008193|NSC 249188|BRN 1099914|p-.beta.-Aminoethylphenol|4-(2-aminoethyl)-Phenol|CHEMBL11608|MLS000079096|p-Hydroxy-.beta.-phenethylamine|2-(4'-Hydroxyphenyl)ethylamine|4-Hydroxy-.beta.-phenylethylamine|.beta.-(4-Hydroxyphenyl)ethylamine|MFCD00149002|NSC249188|NCGC00016011-08|SMR000059295|.alpha.-(4-Hydroxyphenyl)-.beta.-aminoethane|CAS-51-67-2|[3H]tyramine|[3H]-Tyramine|HSDB 2132|EINECS 200-115-8|UNII-X8ZC7V0OX3|SR-01000075365|L-Tyramine|4-aminoethylphenol|AEF|Tyramine, free base|Tyramine (Standard)|Ritodrine Impurity 3|Tyramine, 99%|Spectrum_001213|Opera_ID_887|TYRAMINE [FHFI]|TYRAMINE [HSDB]|TYRAMINE [MI]|TYRAMINE [VANDF]|Tyramine, 98%, FG|p-hydroxy-phenylethylamine|Spectrum2_000738|Spectrum3_000693|Spectrum4_001801|Spectrum5_000501|Lopac-T-2879|p-(2-aminoethyl)-Phenol|P-hydroxy-b-phenethylamine|Biomol-NT_000075|bmse000243|bmse000870|bmse000891|TYRAMINE [WHO-DD]|4-hydroxy-Benzeneethanamine|(4-hydroxyphenyl)ethylamine|cid_5610|SCHEMBL4111|WLN: Z2R DQ|4-(2-amino-ethyl)-phenol|P-hydroxy-b-phenylethylamine|4- (2-aminoethyl)-Phenol|4-Hydroxy-b-phenylethylamine|Lopac0_001136|Oprea1_294339|SCHEMBL98202|BSPBio_002445|KBioGR_002405|KBioSS_001693|p-Hydroxy-beta-phenethylamine|SPECTRUM210400|Tyramine, analytical standard|4-13-00-01788 (Beilstein Handbook Reference)|b-(4-Hydroxyphenyl)ethylamine|BIDD:ER0507|DivK1c_000918|SCHEMBL656644|2-(4-hydroxyphenyl)ethanamine|SPBio_000696|p-Hydroxy-beta-phenylethylamine|BPBio1_001394|GTPL2148|GTPL2150|orb1304546|orb1310738|SCHEMBL2643073|SCHEMBL4758209|SGCUT00017|2-(4-hydroxy-phenyl)ethylamine|2-(4-Hydroxyphenyl)-ethylamine|BDBM29135|HMS502N20|KBio1_000918|KBio2_001693|KBio2_004261|KBio2_006829|KBio3_001665|NINDS_000918|p-Hydroxy-.beta.-phenylethylamine|HMS1923C19|HMS2235J05|HMS3885C17|HMS5081B12|a-(4-Hydroxyphenyl)-b-aminoethane|HY-W007606R|MSK40050|to_000085|4-(2-Aminoethyl)-phenol(thyramin)|Tox21_110282|BBL027695|CCG-39684|s3625|STK531130|AKOS000156022|Tox21_110282_1|CS-W007606|DB08841|FT34615|HY-W007606|SDCCGSBI-0051103.P003|benzene, 1-(2-amino)ethyl-4-hydroxy-|benzene, 1-(2-aminoethyl)-4-hydroxy-|IDI1_000918|NCGC00016011-01|NCGC00016011-02|NCGC00016011-03|NCGC00016011-04|NCGC00016011-05|NCGC00016011-06|NCGC00016011-07|NCGC00016011-09|NCGC00016011-10|NCGC00016011-11|NCGC00016011-12|NCGC00016011-14|NCGC00016011-16|NCGC00016011-19|NCGC00016011-20|NCGC00063825-04|NCGC00063825-05|NCGC00063825-06|NCGC00063825-07|NCGC00063825-08|AS-11671|SY002127|Tyramine, Vetec(TM) reagent grade, 99%|alpha.-(4-Hydroxyphenyl)-beta-aminoethane|A0302|NS00000072|ST51037693|EN300-51746|51T672|C00483|AB00051887-15|F078887|Q165930|doi:10.14272/DZGWFCGJZKJUFP-UHFFFAOYSA-N.1|SR-01000075365-5|BRD-K53893978-001-03-1|Ractopamine hydrochloride suspension impurity, tyramine-|InChI=1/C8H11NO/c9-6-5-7-1-3-8(10)4-2-7/h1-4,10H,5-6,9H|RACTOPAMINE HYDROCHLORIDE SUSPENSION IMPURITY, TYRAMINE- [USP IMPURITY]"
kynuramine,9692,,"InChI=1S/C9H12N2O/c10-6-5-9(12)7-3-1-2-4-8(7)11/h1-4H,5-6,10-11H2",QLPVTIQQFGWSQQ-UHFFFAOYSA-N,C9H12N2O,164.20,3-amino-1-(2-aminophenyl)propan-1-one,"KYNURAMINE|363-36-0|Diaminopropiophenone|3-amino-1-(2-aminophenyl)propan-1-one|1-Propanone, 3-amino-1-(2-aminophenyl)-|2WR44BV65E|CHEBI:73472|DTXSID70189836|2,3 Diaminopropiophenone|2,3-Diaminopropiophenone|RefChem:151607|DTXCID30112327|3-(2-Aminophenyl)-3-oxopropanamine|3-AMINO-1-(2-AMINOPHENYL)-PROPAN-1-ONE|UNII-2WR44BV65E|CHEMBL23319|orb1696737|SCHEMBL2801613|SCHEMBL30555814|BDBM10990|AKOS006306798|SB76139|3-amino-1-(2-aminophenyl)-1-Propanone|NCGC00163347-01|EN300-207294|1-(2-AMINOPHENYL)-3-AZANYL-PROPAN-1-ONE|Q27140555"
5-ht,compound name is too short,compound name is too short,compound name is too short,compound name is too short,compound name is too short,compound name is too short,compound name is too short,compound name is too short
