search_name,pubchem_cid
spiperone,5265
acetylthiocholine iodide,74629
arachidonic acid,444899
dpcpx,1329
damgo,5462471
unknown 0mer,unknown
cp-55940,104895
8-oh-dpat,1220
butyrylthiocholine iodide,74630
diprenorphine,443408
(+)-pentazocine,12259685
"poly(glu, tyr) 4:1",unknown
poly [glu:tyr](4:1),unknown
cp55940,104895
cAMP,compound name is too short
pge2,compound name is too short
p-tyramine,5610
kynuramine,9692
5-ht,compound name is too short
[35s] gtpgammas,unknown
mre3008-f20,unknown
ketanserin,3822
sch-58261,176408
neca,compound name is too short
histamine,774
pgd2,compound name is too short
pip2,compound name is too short
serotonin,5202
n-methylspiperone,119146
capsaicin,1548943
prazosin,4893
2-iodomelatonin,115348
rhkk(ac),unknown
pnpp,compound name is too short
dopamine,681
gaba,compound name is too short
u-69593,105104
"his5 ,-tyr6] gnrh",unknown
cortisone,222786
ccpa,compound name is too short
mcp1,compound name is too short
ab-meca,multiply
casein,73995022
"poly (glu, tyr) 4:1",unknown
glutamate,multiply
sch23390,multiply
l-tryptophan,6305
peptide substrate,unknown
acetylthiocholine,20544
ac-peptide,unknown
[35s] gtp-gamma-s,unknown
dpdpe,104787
nisoxetine,4500
zm241385,176407
citalopram,2771
xanthine,1188
dexamethasone,5743
cGMP,compound name is too short
p-nitrophenyl,7416
u69593,105104
pgh2,compound name is too short
l-dopa,6047
n-alpha-methylhistamine,912
bzatp,115205
boc-lys(ac),unknown
rti-55,9936975
dofetilide,71329
"cp-55,940",104895
l-arginine,6322
mesulergine,68848
raclopride,3033769
pdbu,compound name is too short
cgs21680,3086599
doxorubicin,31703
histone h3,unknown
zm-241385,176407
norepinephrine,439260
5-ct,compound name is too short
pk11195,1345
rhkkac,unknown
ndp-alpha-msh,16197727
paclitaxel,36314
glycine,750
peptide,unknown
acetylthiocholine chloride,22411
cgs-21680,3086599
win-35428,105056
rhk-k(ac),unknown
s-butyrylthiocholine iodide,74630
labeled peptide,unknown
[35s]-gtpgammas,unknown
progesterone,5994
acetylcholine,187
boc-lys(acetyl),unknown
paroxetine,43815
"u69,593",105104
fluorogenic substrate,171284
estradiol,5757
atf2,compound name is too short
ndp-msh,16197727
fluor de lys,unknown
ltd4,compound name is too short
kklnrtlsfaepg,unknown
7-ethoxyresorufin,3294
histone h1,unknown
iabn,compound name is too short
tk-substrate,unknown
4-nitrophenylacetate,multiply
sphingosine,5280335
amyloid beta,unknown
substrate,unknown
butyrylthiocholine chloride,3015121
i-ab-meca,9958472
cxcl12,unknown
fluor-de-lys,unknown
alpha-ketoglutarate,164533
methylspiperone,unknown
eaiyaapfakkk,unknown
gtpgammas,135476260
l-tyrosine,6057
substance p,36511
dadle,6917707
kkkvsrsglyrspsmpenlnrpr,unknown
butyrylthiocholine,20689
radioligand,unknown
iodoproxyfan,132937
glucose,5793
mek1,compound name is too short
myelin basic protein,unknown
cgrp,compound name is too short
"u-69,593",105104
amyloid beta(1 to 42),unknown
hoechst 33342,1464
pyrilamine,4992
alpha-bungarotoxin,unknown
naltrindole,5497186
gly-pro,3013625
kklnrtlsva,unknown
boc-lys(tfa),unknown
benzylamine,7504
sch-23390,3036864
vincristine,5978
12g5 antibody,unknown
[1beta] androstenedione,unknown
ac-leu-gly-lys(ac),unknown
histone,unknown
mitoxantrone,4212
suc-llvy,unknown
anandamide,5281969
tryptophan,6305
mepyramine,4992
ym-09151-2,156333
mpep,compound name is too short
"poly (glu, tyr)",unknown
dttp,compound name is too short
orexin a,56842143
"cp55,940",104895
r-pia,5022
ghrelin,16133832
grsrsrsrsrsr,unknown
pentazocine,441278
alpha-kg,unknown
boc-lys (acetyl),unknown
s-tetralol,7058029
thymidine,5789
lrrktide,169450739
11-deoxycorticosterone,6166
ac-lys-tyr-lys(epsilon-acetyl),unknown
dihydrofolate,135398604
t0901317,447912
n6-cyclohexyladenosine,104945
acetyl-coa,444493
rx821002,108094
aldosterone,5839
oxytocin,439302
naloxone,5284596
plglk(cy5q) ar-nh2,unknown
vasopressin,unknown
sr141716a,104850
namh,compound name is too short
n-methylscopolamine,71183
orexin-a,56842143
r1881,261000
phome,53394628
keakekrqeqiakrrrlsslrastsksggsqk,unknown
17-beta-estradiol,5757
di-o-tolylguanidine,7333
dutp,compound name is too short
"poly(glu, tyr)",unknown
androstenedione,6128
nicotinamide,936
4-nitrophenyl,119211
threitol,169019
pip2:ps,unknown
acetylcholine iodide,75271
zmal,compound name is too short
spiroperidol,5265
phosphatidylinositol,unknown
lipid substrate,unknown
deoxycorticosterone,6166
[gamma-33p]-atp,unknown
tris-(carboxyethyl)-phosphine,unknown
propionaldehyde,527
pyruvate,107735
srctide,164946869
testosterone,6013
mip-1alpha,unknown
calcein-am,390986
carbachol,5831
"poly(4:1 glu, tyr)",unknown
dihydroorotate,5461056
2-thio-paf,10347222
arg-his-lys-lys(ac),unknown
ltb4,compound name is too short
ulight-cagagaietdkeyytvkd,unknown
[gamma] atp,unknown
poly [glu:tyr] (4:1),unknown
glutamine,5961
nadh,compound name is too short
histone h4 peptide,unknown
4mu-nana,122202
l-leu-p-nitroanilide,unknown
acetyl-gly-ala-(n-acetyl-lys)-amino-4-methylcoumarin,unknown
geraniol,637566
ermrprkrqgsvrrrv,unknown
poly-glu-tyr,unknown
s-butyrylthiocholine chloride,3015121
rantes,unknown
menthol,1254
fluorogenic hdac substrate,unknown
sch 23390,multiply
nociceptin,16131448
fs-3,compound name is too short
"[1,2]-11-deoxycorticosterone",unknown
difmup,2786976
h3k4me2,unknown
rti55,108220
nalpha-methylhistamine,912
lyn-substrate-2,unknown
imipramine,3696
7-oh-dpat,1219
labeled peptide substrate,unknown
mca-lys-pro-leu-gly-leu-dap(dnp)-ala-arg-nh2,91869387
2-ag,compound name is too short
cofilin,unknown
ifenprodil,3689
epibatidine,854023
cgp12177,2687
tyr 4 peptide,unknown
conjugated peptide,unknown
histone h4,unknown
labeled zba248,unknown
msx-2,10046145
quinpirole,54562
cmnpc,unknown
topotecan,60700
17beta-estradiol,5757
dk-pgd2,5283036
labelled peptide,unknown
tk substrate,unknown
adenosine,60961
tetra-acetylated histone h4 peptide,unknown
kkkspgeyvniefg,unknown
iloprost,5311181
kksrgdymtmqig,unknown
mseg,compound name is too short
nadph,5884
z-phe-arg,14059198
eotaxin,unknown
l-leucine-p-nitroanilide,2733285
4-damp,3014059
pgf2alpha,5280363
avpf,compound name is too short
kkalrrqetvdal,unknown
krrral [ps] vaslpgl,unknown
l-trp,6305
ccl2,compound name is too short
vesamicol,5662
rh-evnldaefk-quencher,unknown
[cck],unknown
acetyl-lys(trifluoroacetyl),unknown
itac,compound name is too short
h-gly-pro,unknown
rosiglitazone,77999
alpha-methyl-glucopyranoside,unknown
ac-leu-glylys(ac),unknown
gr113808,119376
[33p] s1p,unknown
dihydrofolic acid,135398604
4alpha-pdd,452544
fluorogenic peptide,unknown
pirenzepine,4848
lysergic acid diethylamide,5761
mip-1-alpha,unknown
kaietdkeyytvkd,unknown
4-npa,unknown
2-arachidonoylglycerol,5282280
glucagon,16132283
ampa,compound name is too short
mibolerone,251636
ioxy,compound name is too short
phosphatidyl inositol,44134894
p-nitrophenyl-beta-glucuronide,unknown
"[his5 ,-tyr6] gnrh",unknown
boc-lys(trifluoroacetyl),unknown
sym2081,21117106
dago,compound name is too short
rrrlsfaepg,unknown
impy,compound name is too short
astemizole,2247
suc-leu-leu-val-tyr,11520034
hatrap,91898920
z-fr-mca,unknown
stearate,multiply
gamma-atp,unknown
kkrnrrlsva,unknown
tetra-acetylated histone h4,unknown
msx2,compound name is too short
kkisgrlspimteq,unknown
p-npp,77949
i-bet762,46943432
labeled ac-peptide,unknown
kgsgsgrprtssfaeg,unknown
3-phosphoglycerate,724
kvekigegtygvvyk,unknown
luciferin,92934
dtnb,compound name is too short
erythro-sphingosine,unknown
arghislyslys(ac) fluorogenic peptide,unknown
ccl22,unknown
halo-tagged histone h3.3,unknown
p-nph-5'-tmp,164953
carboxyfluorescein-labeled acetylated/trifluoroacetylated peptide,unknown
win-55212-2,5311501
iodosulpiride,multiply
rsrhssypagt,unknown
"poly(4:1 glu, tyr) peptide",unknown
sdf1,compound name is too short
nicotinic acid,938
cholesteryl ester,unknown
fluorogenic hdac substrate 3,unknown
gst-p53,unknown
boc-l-lys(ac),unknown
7-methylguanosine,135445750
z-gly-pro,439540
7-amino-4-methylcoumarin,92249
oleamide,5283387
psb-11,135433658
sdf1alpha,unknown
noradrenaline,multiply
s-2765,11979743
"(4s)-4,5-dihydro-2-(6-hydroxybenzothiazolyl)-4-thiazolecarboxylic acid",unknown
linoleic acid,5280450
poly-(gt),unknown
m-mpep,5311462
p-nitrophenylphosphate,378
forskolin,47936
mcp-1,unknown
h3k4me3,unknown
colchicine,6167
l-glyceraldehyde,439723
pk 11195,1345
mca-pro-leu-gly-leu-dpa-ala-arg-nh2,unknown
ss-14,unknown
2-oleoylglycerol,5319879
cbz-phe-arg,unknown
labelled acetylated peptide,unknown
methyllycaconitine,166177171
yrraavppspslsrhssphq(ps) edeee,unknown
[33p] atp,unknown
gr-113808,119376
fluorecence-labeled substrate,unknown
kggeeeeyfelvkk,unknown
l-kynurenine,161166
4-hydroxyphenyl pyruvic acid,unknown
csktide,unknown
bremazocine,443406
estrone,5870
hdac class2a,unknown
n-methyl scopolamine,71183
"dic8-pi(4,5) p2",unknown
inositol,892
dl-glyceraldehyde,751
leuprorelin,657181
boc-lys(triflouroacetyl),unknown
tyramine,5610
pgd-2,unknown
atra,compound name is too short
eqedepegdyfewle-conh2,unknown
spectrozyme pl,128903
l-alpha-phosphatidylinositol,15488999
mca-gly-lys-pro-ile-leu-phephe-arg-leu-lys-(dnp)-arg-nh2,unknown
dgtp,compound name is too short
5-bid-bh3 peptide,unknown
z-(ac) lys,unknown
abz-thr-ile-nle-p-nitro-phe-gln-arg-nh2,78186183
"mca-pqgl-(3-[2,4-dinitrophenyl]-l-2,3-diaminopropionyl)-ar-oh",unknown
calcein am,390986
p-nitrophenyl butyrate,75834
methyl-alpha-glucopyranoside,unknown
atci,compound name is too short
ala-pro,83525
osanetant,219077
dtbz,compound name is too short
dslet,107847
histone h3 peptide,unknown
quinuclidinyl benzilate,23056
pnpy,compound name is too short
way100635,multiply
(r)-qnb,688566
iodocyanopindolol,68618
[gamma-33p] atp,unknown
rhk(ac) k(ac),unknown
sdf-1alpha,unknown
activated dna,unknown
mcapro-leu-gly-leu-dpa-ala-arg-nh2,unknown
kynurenine,161166
prostaglandin e2,5280360
rhkk-ac,unknown
alphakg,unknown
1-palmitoyl-2-oleoyl-sn-glycero-3-phosphocholine,multiply
glucose-1,unknown
s-methylcysteine,24417
plsrtlpsvaslpgl,unknown
no711,unknown
il-8,compound name is too short
ligand,unknown
(+) pentazocine,unknown
psb-603,44185871
oleic acid,445639
poly-glutyr (4:1),unknown
[35s] gtpgamma,unknown
[1-beta]-androstenedione,unknown
fructose,2723872
gpp and ipp,unknown
ac-kglgk(ac)-mca,unknown
atc iodide,unknown
3-o-methylfluorescein,18364099
cgp-12177,2687
nh2-etvysevrk,unknown
[h-lrraslg],unknown
cbz-gly-pro,439540
rrrfrpasplrgppk,unknown
acetyl-histone h4 peptide,unknown
[bdz-1],unknown
bid peptide,unknown
txb2,compound name is too short
sr-27897,122077
3-methoxy-5-(pyridin-2-ylethynyl) pyridine,unknown
etoposide,36462
aitc,compound name is too short
gly-pro-mca,125640
bh-cck-8s,unknown
heat,compound name is too short
[33p] sphingosine-1,unknown
mca-kkvypypme [dnp] k amide,unknown
lrraslg,unknown
arg-glu-ser-gln-asn-tyr-pro-ile-val-gln-lys-arg,unknown
eqedepegdyfewle,unknown
folic acid,135398658
ulight-4e-bp1,unknown
(r)-(+)-7-oh-dpat,unknown
fluorogenic hdac substrate class 2a,unknown
cxcl10,unknown
boc-lys(triflouroacetyi),unknown
p-nitroaniline,7475
8-oxo-dgtp,135398565
hdac-glo,unknown
fluormone es2 green,unknown
win35428,105056
l-dopachrome methyl ester,unknown
compound,unknown
hemado,10981286
rlgrdkyktlrqirq,unknown
amyloid beta 40,unknown
7-labelled hdac substrate,unknown
[gamma33p]-atp,unknown
labeled acetylated peptide,unknown
arg8-vasopressin,644077
amyloid beta (1 to 40),unknown
niacin,938
abltide,164946868
uric acid,1175
ac-leuglylys(ac),unknown
hippuryl-histidyl-leucine,94418
indolactam-v (ilv),unknown
abmeca,unknown
4-methylumbelliferyl,11833
cgs 21680,3086599
rx 821002,108094
fluoromone,unknown
rhkkac peptide,unknown
5-oxo-ete,5283159
labeled arg-his-lys-lys (ac),unknown
eaiyaapfakkk peptide,unknown
adpr,compound name is too short
(r)-alpha-methylhistamine,156615
z-fr,compound name is too short
tyr6 peptide,unknown
fluorogenic acetylated peptide,unknown
mrs2279,5311301
az11931285,unknown
[35s] mk499,unknown
ephrin-a1-fc,unknown
gamma-abu-ile-his-pro-phe-his-leu-val-ile-his-thr,unknown
polyglutamic acid/tyrosine,unknown
serine,5951
[gamma32p]-atp,unknown
bak-bh3,unknown
icilin,161930
kkrnrtltv,unknown
h3k4me2 peptide,unknown
ulight-poly gt,unknown
boc-lys(tfa)-am,unknown
salcam,unknown
rhkackac,unknown
ac-lys-tyr-lys(e-acetyl),unknown
urea,compound name is too short
snap-25,unknown
ac-wehd,unknown
8-nbd-cAMP,unknown
nadp,compound name is too short
dibenzylfluorescein,371436
cortisol,5754
tk-peptide,unknown
mazindol,4020
biotin,171548
s-adenosylmethionine,34755
btcp,compound name is too short
5fam-kksrgdymtmqid,unknown
pras40,unknown
"1,8-ans",1369
"3',5'-cAMP",multiply
phosphotyrosine,30819
(ahx) rsrhssypagt-cooh,unknown
vqtvtwpdmelplprnitegeargsviltvkpifevspsplkg peptide,unknown
poly-glu-tyr (4:1),unknown
butylthiocholine chloride,unknown
quisqualate,40539
pheophorbide a,multiply
methyl-alpha-[u] glucopyranoside,unknown
fluor de lys green,unknown
be2254,34772
fluorescein-labeled kinase tracer,unknown
maz-1675,unknown
z-phe-arg-aminomethylcoumarin,unknown
geldanamycin,5288382
deltorphin 2,10033203
cisplatin,multiply
boc-lys-tfa,unknown
bid bh3 peptide,91936585
boc-l-lys (ac),unknown
sm5f peptide,unknown
n-methylhistamine,3614
5-carboxamidotryptamine,1809
cl075,10198719
gardiquimod,44592366
dcpip,13726
gammaatp,unknown
rna ppt primer,unknown
acetyl coa,444493
acetylthiocholineiodide,74629
"9,10-phenanthrenequinone",6763
n-arachidonyl-7-amino-4-methylcoumarin,unknown
mip-1 alpha,unknown
sulpiride,5355
dihydrotestosterone,10635
kkrpqrrysnvf,unknown
mrs4174,124221650
amaraasaaalarrr,unknown
pyridine-3-aldehyde,10371
crcoa,unknown
fluorescein-poly gt,unknown
clonidine,2803
histone h3 kac peptide,unknown
mca-ala-pro-lys (dnp)-oh,unknown
grsrsrsrsr,unknown
ccl3/mip-1alpha,unknown
grprtssfaeg,unknown
ulight-tk peptide,unknown
kkrnrtltk,unknown
acetylated human histone h4 peptide,unknown
[eaiyaapfakkk],unknown
o-nitrophenyl,unknown
n-r-methylhistamine,unknown
fluorogenic-(rhkkac),unknown
k(ac) gl,unknown
fluor-de-lys-sirt1,unknown
woodtide,166176945
2f-ligrlo-nh2,unknown
zaprinast,135399235
labeled peptide and atp,unknown
cl-dpdpe,unknown
pge-2,unknown
erktide,168510724
h3k9me3,unknown
ym 09151,unknown
nemonapride,156333
n/ofq,unknown
glu-arg-nle-phe-leu-ser-phe-pro,unknown
gly-pro-p-nitroanilide,unknown
sr141716,104850
fmlf,compound name is too short
o-npa,11890
5-hydroxytryptamine,5202
h4k5ack8ack12ack16ac,unknown
arg-vasopressin,multiply
naag,compound name is too short
h4kac 5/8/12/16 peptide,unknown
collagen,unknown
abopx,unknown
sst14,unknown
mca-pqg1 peptide,unknown
tyr 6 peptide,unknown
poly (glu:tyr),unknown
dctp,compound name is too short
"[leu8 , dtrp22 , tyr25]-somatostatin-28",unknown
5-bid-bh3,unknown
labeled src2-3,unknown
dimethylated k4n-terminal h3 peptide,unknown
insulin,70678557
ulight-4e-bp1 peptide,unknown
boc-lys(epsilon-acetyl),unknown
sucrose,5988
pip2/ps,unknown
stearic acid,5281
gamma-33p-atp,unknown
maz1600/maz1675,unknown
"[2,4,6,7]-estrone",unknown
cyclopamine,442972
4ebp1,unknown
mcm2,compound name is too short
[11c] pk11195,unknown
tamra-labeled dexamethasone,unknown
ndpmsh,16197727
ipp and gpp,unknown
ccl15/leukotactin1,unknown
bodipy-cyclopamine,71314179
alanine,5950
glrraslg,unknown
thioflavin,22251
prozosin,unknown
carboxyfluorescein-labeled acetylated peptide,unknown
poly-glutyr,unknown
h-glu-gly-arg,unknown
mek1 (k97r),unknown
angiotensin 2,172198
glycerol,753
aspartate,multiply
cyanopindolol,155346
mip1alpha,unknown
h2o2,compound name is too short
tnfalpha,44356648
ac-leuglylys(tfa),unknown
pip2/atp,unknown
hdac substrate class 2a,unknown
labelled ligand,unknown
bim peptide,unknown
buserelin,50225
5famgrhdsgldsmk-nh2,unknown
h3 peptide,unknown
[1] arachidonic acid,unknown
fluor de lys sirt1,unknown
ccl27,unknown
hmg-coa,445127
inosine,135398641
[3h],compound name is too short
cyclohexyladenosine,66601354
lipid,unknown
glycolate,757
hts-1 rna/dna duplex,unknown
bdz1,compound name is too short
s-2238,123853
adomet,10153079
methyl-spiperone,unknown
arachidonoyl amide,5283393
5-fluo-ahx-kkkkeeiyfffg-nh2,unknown
erk2,compound name is too short
methyltrienolone,261000
ethoxyresorufin,3294
rauwolscine,643606
mrs-1754,6603931
(rs)-ampa,1221
n-arachidonoyl-ethanolamine,unknown
mek1(k97r),unknown
cdca,compound name is too short
sr-141716,104850
furimazine,136008305
[35s] gtp-gammas,unknown
tarc,compound name is too short
"[leu8-trp22 , tyr25]-srif28",unknown
"(glu, tyr) 4:1",unknown
u46619,5311493
mekk2,unknown
rap1b,unknown
cxcl1,unknown
ccl25,unknown
rangap-sumo,unknown
tubulin,unknown
pregnenolone,8955
fluorescent labelled-ver00051001,unknown
bz-atp,71308559
fluorescent peptide substrate,unknown
rhkk-tfac,unknown
ly354740,213056
3-pg,compound name is too short
butyrylthiocholineiodide,unknown
ulight-poly gat [eay(1:1:1)] n,unknown
histone h3.3,unknown
lysophosphatidylcholine,5311264
omfp,compound name is too short
mip1-alpha,unknown
histone peptide,unknown
mip-1beta,unknown
zmal(z-lys(ac),unknown
myo-inositol,892
ac-devd,unknown
5'-kksrgdymtmqig-conh,unknown
8oh-dpat,unknown
melatonin,896
tyr 1 peptide,unknown
f-bid,unknown
oxo-m,4629
i-tac,unknown
sauvagine,16132335
e1alpha subunit,unknown
4-hpp,135401907
[gamma p33]-atp,unknown
sgrgkggkglgkggakrhrk-nh2,unknown
[33p] sphingosine 1,unknown
(boc-lys(trifluoroacetyl),unknown
phenylethylamine,1001
pi:ps,unknown
starch,unknown
fluormone,5743
labelled dldlemlapyipmdddfql,unknown
pmdm6-f,unknown
(s)-n-(2-(1h-pyrrol-1-yl) phenyl)-1-(2-(1-methyl-1h-benzo imidazol-2-ylthio) acetyl) pyrrolidine-2-carboxamide,unknown
gabapentin,3446
daunorubicin,30323
ac-lgk(tfa),unknown
oh-dpat,unknown
fthp-15,unknown
mca-pro-leugly-leu-dpa-ala-arg-nh2,unknown
uric,compound name is too short
ur-mk114,unknown
propionyl-pnpy,unknown
[gamma32p] atp,unknown
angiotensinogen,16133225
radioactively-labeled [alpha] atp,unknown
mk499,9934294
fluorescein diacetate,65047
nada,compound name is too short
allyl isothiocyanate,5971
suc-ala-glu-cis-pro-phe-4-nitroanilide,unknown
ro-5-4864,1688
cinnamaldehyde,637511
jw912,unknown
trun snap 25 (141-206) peptide,unknown
midazolam,4192
2-og,compound name is too short
flt3 ligand,unknown
taurocholate,9548794
h3k9 peptide,unknown
s-2366,126364
rhkkac from p53,unknown
gnrh,compound name is too short
epoxomicin,11226684
n-methyl-scopolamine,unknown
fluorophore tripeptide,unknown
trans-2-decenoyl-coa,unknown
to901317,447912
cp55950,unknown
ikappabalpha,unknown
mca-pro-leu-ala-gln-ala-val-dpa-arg-ser-ser-ser-arg-nh2,unknown
boc-gly-gln-arg,unknown
single stranded poly (u) rna,unknown
4-methylumbelliferyl alpha-glucopyranoside,unknown
"poly [glu, try] 4:1",unknown
kaietdkeyytvkd-nh2,unknown
nictide,unknown
kainate,73755076
eqedepegdyfewle-nh2,unknown
glucuronate,94715
tfllrn-nh2,16757515
butyrate,104775
4-methylumbelliferyl alpha-galactopyranoside,unknown
ac-wla,unknown
ped-a1 containing dmpg vesicles,unknown
"8-acetyl-2,3,5,6-tetrahydro-1h, 4h-11-oxa-3a-aza-benzo [de] anthracen-10-one",unknown
lrrwslg,unknown
acetyl thiocholine iodide,unknown
ahx-pmqs (pt) pln-nh2,unknown
4alphapdd,452544
z-arg-arg,439539
fluoresceinated peptide,unknown
h-sgrgk (ac) ggk (ac) glgk-(ac) ggak (ac) rhrk-oh,unknown
pgc1a,unknown
"1,25(oh) 2d3",unknown
dcip,compound name is too short
halo-tagged histone h4,unknown
cbz-phe-his-leu,unknown
[1] oleic acid,unknown
labeled te,unknown
ac-nlpnld,unknown
wnt3a,unknown
nh2-rspsygrsrsrsrsrsrsrsrsnsrsrsy-oh,unknown
srpk2,unknown
ac-gak (ac),unknown
kemptide,9962276
[8-(n)]-datp,unknown
prostaglandin,unknown
bad peptide,unknown
"[20] phorbol 12,13-dibutylate",unknown
[35s]-mk499,9934294
mk-912,189711
imap peptide substrate,unknown
fluorescein-labeled ms574,unknown
pd 128907,115107
cp 55940,104895
c-jun,unknown
(arg8)-vasopressin,644077
gltnikteeiseisyevefr-c [oregon green] kk-oh,unknown
bdz2,compound name is too short
h3k27,unknown
maltose,439186
ib-meca,123683
fluorescent substrate,9846360
stk2,compound name is too short
labeled srctide peptide,unknown
zm 241385,176407
sch58261,176408
5-tsatlqsgfrk (qxl520)-nh2,unknown
[3h2] ntzd3,unknown
nbd-aba,unknown
gw 2433,1517
"1-alpha, 25-(oh) 2d3",unknown
dic8-pip2,unknown
ac-c (eu) ddmeeabu (coo) ask (qsy7)-amide,unknown
benzaldehyde,240
8-ohdpat,unknown
para-aminophenylmercuric,unknown
5-kksrgdymtmqig,unknown
iodomelatonin,115348
r-alpha-ethylhistamine,unknown
"10-acetyl-3,7-dihydroxyphenoxazin",unknown
cp-55-940,unknown
atto 655-cys-lys-leu-val-phe-phe-ala-glu-asp-trp,unknown
ethidium bromide,14710
histone h3 (1-20) cys,unknown
2 iodomelatonin,115348
arachidonic,unknown
n-methylscopolamine chloride,unknown
"[2,4,6,7]-estradiol",unknown
c6-nbd-ceramide,6379314
fluormone es2,unknown
cadaverine,273
h4kac4,unknown
fpp and ipp,unknown
z-gly-pro-p-nitroanilide,unknown
p-nitrophenylbutyrate,75834
hif-1alpha,unknown
kkisgrlspimteq-nh2,unknown
"3-[4-({2', 6'-dimethyl-6-[(4-)-phenylmethoxy] biphenyl-3-yl} methoxy) phenyl] propanoic acid",unknown
fluorescence labeled peptide,unknown
ac-lys(ac),unknown
ac-fvr,unknown
nbd-sphingosine,71750960
ur-pi294,42625303
"[6,7] e1s",unknown
digoxigenin (dig)-dutp,unknown
phenol red,4766
poly g:(4:1),unknown
"3-[4-({2', 6'-dimethyl-6-[(4-) phenylmethoxy] biphenyl-3-yl} methoxy) phenyl] propanoic acid",unknown
fluorescein-erm,unknown
tyr-srif,unknown
rhkkac fluorogenic peptide,unknown
trk-c-derived peptide,unknown
acetylcholine chloride,6060
fluorescent tracer,unknown
thioflavin s,155884413
isocitrate,1198
ulight-ckksrgdymtmqig,unknown
"n-(s)-18-iodo-11-isopropyl-10,13,17-trioxo-3,6-dioxa-9,12,16-triazaoctadecyl)-6-(4r, 5s)-5-methyl-2-oxoimidazolidin-4-yl) hexanamide",unknown
sf3b1,unknown
rs peptide,unknown
para-nitrophenyl,119211
fluorophore conjugated substrate,unknown
atch,compound name is too short
arachidonic acid or linoleic acid,unknown
[1]-arachidonic acid,unknown
avpi peptide,unknown
amyloid beta (1 to 42),unknown
dimethylated h3k4 peptide,unknown
hhasprk,unknown
hfx-cp,unknown
5-({[2-({[3-({4-[(5-hydroxy-2-methylphenyl) amino]-2-pyrimidinyl} amino) phenyl] carbonyl} amino)-ethyl] amino} carbonyl)-2-(6-hydroxy-3-oxo-xanthen-9-yl) benzoic acid,unknown
ac-lrsr,unknown
r848,compound name is too short
dcg-4,unknown
lcgrtgrrnsi,unknown
acetyl histone h4 peptide,unknown
fluorophore-conjugated substrate,unknown
labeled linear oligonucleotide,unknown
"(phe13 , tyr19) mch",unknown
fluorogenic hdac substrate-3,unknown
tyr-4 peptide,unknown
pip3,compound name is too short
hypoxanthine,135398638
pdh e1,unknown
nmu-8,155817412
prephosphorylated polypeptide,unknown
ahx-aeeeyfflfa-amide,unknown
srctide peptide,unknown
poly (glu4-tyr) peptide,unknown
beetle luciferin,unknown
fluorescein amidite-labelled peptide substrate,unknown
human tetradecapeptide,unknown
5-carboximidotryptamine,unknown
ac-peptide substrate,unknown
oleoyl-coa,5497111
tatksgsttknr,unknown
(poly) rc600 * (oligo) dgt,unknown
bh-sp,unknown
"ptdlns(3,4,5) p3",unknown
diapophytoene,unknown
2-[125l]-lodomelatonin,unknown
[35s]-gtp [gammas],unknown
saturated co2,unknown
boc-qar,unknown
acti,compound name is too short
fluorescein-poly gat,unknown
45ca2,unknown
opts,compound name is too short
lc-eqedepegdyfewle,unknown
cpt-11,74990
abtide peptide,unknown
s11s12,unknown
krreilsrrpsyr,25092394
pip2:3ps,unknown
ip10,compound name is too short
kkkkerllddrhdsgldsmkdee,unknown
poly (ra)/oligo (dt) dna/dttp,unknown
maz1600,unknown
[125] ndp-msh,unknown
flipr,unknown
p38alpha,unknown
carbon,5462310
tyr1 peptide,unknown
rhkk(ac) fluorogenic acetylated peptide,unknown
benzoyl-atp,unknown
n-alpha methyl histamine,unknown
[eaiyaapfakkk] peptide,unknown
poly [glu:tyr],unknown
2-mes-adp,52942441
phosphate,1061
gsk634775,unknown
quercetin,5280343
phenol red dye,unknown
22 peptide,unknown
fluorometric substrate,unknown
"dnp-lys-his-pro-phe-his-leu-val-ile-his-, l-amp",unknown
p-nitro-phenylacetate,unknown
cxcl11,unknown
"pi(3,4) p2",unknown
pdc e1,unknown
5fam-arkrrrhpsgppta,unknown
labelled oligonucleotide substrate,unknown
tripeptide substrate,unknown
tosyl-glycyl-prolyl-arginine-4-nitranilide,unknown
prothrombin,unknown
irs1,compound name is too short
pdgf-bb,unknown
boc-lys (ac),unknown
[33p] atp [gammap]/dyrktide,unknown
histone h1 peptide,unknown
maz1600 and maz1675,unknown
fluo-4am,4060965
n-(2-hydroxyethyl)-4-pyren-1-ylbutanamide,91352118
arachidonyl-amino-methyl-coumarin amide,unknown
"poly [glu, tyr] 4:1",unknown
tosyl-gly-prolys(ac),unknown
tyrosine-1 peptide,unknown
boc _ lys _ tfa,unknown
vegf-a,unknown
ac-gak(ac)-am,unknown
trp6-gnrh,unknown
peptide derived histone h1,unknown
hdac-glo substrate,unknown
sdf-1,unknown
dpcx,compound name is too short
"1,25-(oh) 2d3",unknown
boc-lys(epsilon-ac),unknown
cgrpalpha,unknown
acetylated peptide substrate,unknown
[1] oleolyl-coa,unknown
gfp-stat1,unknown
labeled aminobenzyl adenosine,unknown
labeled dutp,unknown
bh-cck-8,unknown
ggggqdgkdyivlpi,unknown
bradykinin,439201
hcgrp,unknown
[rhkk(ac)] fluorogenic,unknown
nsca,compound name is too short
alpha casein,unknown
[33p]-labeled s1p,unknown
"1,2-didecanoyl-sn-glycerol",1321
7-ethyl-o-resorufin,unknown
r-alpha-methylhistamine,156615
boc-lys-(ac),unknown
labelled peptide substrate,unknown
poly-eay,unknown
"n-(4-(1,1,1,3,3,3-hexafluoro-2-hydroxypropan-2-yl) phenyl)-n-(2,2,2-trifluoroethyl) benzenesulfonamide",129852914
tyr0-sauvagine,unknown
"phosphatidylinositol 4,5-bisphosphate",5311358
hsie,compound name is too short
aha-akrrrlsslra-oh,unknown
cxcl8,74974005
alpha-methylglucopyranoside,unknown
flour de lys-green,unknown
r5020,36709
fluor de lys-green,unknown
hoechst,unknown
[125] mcp1,unknown
cdp-star,unknown
his6-smad1,unknown
labeled substrate,unknown
alexa647-labeled jq1 derivative,unknown
poly (glu) 4tyr,unknown
acetylated lysine side chain,unknown
7-labelled hdac,unknown
hmcp1,unknown
iodo-ab-meca,unknown
nitrendipine,4507
snap,compound name is too short
et-1,compound name is too short
901317,unknown
[bdz-2],unknown
kinobead,unknown
n-ly294002,unknown
pyro-glu-pro-arg,unknown
fl-eeplywsfpakkk-conh2,unknown
fluorescent estrogen ligand,unknown
17-beta estradiol,66795326
labeled peptide/atp,unknown
[8] atp,unknown
tmpd,compound name is too short
labeled geldanamycin,unknown
his9-ghrelin,unknown
ramha,unknown
"(1s, 3r)-acpd",unknown
"2-(4-{2-[3-(2,4-difluoro-phenyl)-1-heptyl-ureido]-ethyl}-phenoxy)-2-methyl-butyric acid",unknown
labeled-avidin,unknown
n-terminal-labeled bid-bh3 peptide,unknown
iodoproxyfran,unknown
snaptide,unknown
dump,compound name is too short
histone monomethyl-h3k9 peptide,unknown
[alexa647] c5a,unknown
k5 tracer,unknown
[trp6]-gnrh,unknown
numa-histidine,unknown
"3-chloro-4,7-difluoro-n-(4-methoxy-3-(pyridin-4-yl) benzyl)-n-(4-(methylamino) cyclohexyl) benzo [b] thiophene-2-carboxamide",unknown
(trp6)-gnrh,unknown
fluor-de-lys substrate,unknown
dyrktide,168510719
calf thymus dna,unknown
collagen-1,unknown
dihydroalprenolol,43216
2-5a,compound name is too short
choline,305
fibrinogen,multiply
tyr 04 peptide,unknown
amyloid beta-40,unknown
(trp6) lhrh,unknown
[3]-mre-3008f20,unknown
"zm-241,385",176407
"4-methylumbelliferyl-beta-n, n'-diacetylchitobioside",unknown
flurogenic substrate,unknown
"[1,2,6,7] progesterone",unknown
fluorescein,16850
p-nitroanilide,unknown
"[20] phorbol 12,13-dibutyrate",unknown
8-oh-dapt,unknown
apomorphine,6005
ce-hdl,unknown
tyr14-nociceptin,unknown
color de lys,unknown
amyloid beta (1-40),unknown
abz-gly-leu-lys-arg-gly-gly-3-(no2) tyr,unknown
emopamil,25202343
bodipy-epoxomicin,unknown
n-arachidonoyl dopamine,5282105
methylthioadenosine,439176
[gamma-33p]-atp],unknown
fluormone-al green,unknown
peptidic substrates,unknown
o-crf,unknown
strychnine,441071
fluor de lys-sirt,unknown
z-lys(ac),unknown
targretin,82146
dopamine/sam,unknown
iclaprim,213043
cy3b-gm,unknown
long s6 kinase peptide,unknown
acetylated h4,unknown
p-tyraimne,unknown
poly dl-dc,unknown
single stranded poly(u) rna,unknown
h3k9ac,unknown
hdac substrate-3,unknown
ethylketazocine,644273
h3r2,compound name is too short
gbr-12935,3456
atp analogue,unknown
tyr-ovine-crf,unknown
ser/thr 6 peptide,unknown
tk peptide substrate,unknown
alpha-casein,unknown
tk peptide,unknown
oxotremorine-m,4629
c17-sphingosine,multiply
ala2-leu-enkephalin,unknown
nisoxatine,unknown
gst-tagged mouse p53,unknown
r21412,unknown
tgfbeta,56842206
poly(glu-tyr),unknown
"poly (ala, glu, lys, tyr) 6:2:5:1 hydrobromide",unknown
labeled srctide,unknown
fluorescent-polygt,unknown
fmlp,compound name is too short
estrogen,5757
rbm-14-12,unknown
map2k1,unknown
ck2tide,unknown
"1,4-iodanyl-2,5-dimethoxyphenyl) propan-2amine",unknown
"5'-(5,6-aac gtc agg gtc ttc c-)-3'",unknown
"[tyrosyl-2,6] oxytocin",unknown
tnfalpha/qvd-oph,unknown
acetylated h3k9,unknown
btci,compound name is too short
25-hydroxycholesterol,65094
suc-llvyaminoluciferin,unknown
tamrathr-ala-asp-ile-tyr(po3h2)-glu-nh2,unknown
lit-001,145711714
alexa647-labeled bet-inhibitor,unknown
ethylketocyclazocine,443409
4-methylumbelliferyl beta-galactopyranoside,unknown
deltorphin ii,10033203
z-gly-gly-arg,unknown
dopachrome methyl ester,unknown
ovine-crf,unknown
suc-llvy-mca,10234210
alexa-647,unknown
l-leu-pnitroanilide,unknown
ac-lvsr,unknown
geeeeyfelvkkkk,unknown
n6-(phenylisopropyl) adenosine,10293457
fluorescein-lrrktide,unknown
fluorescein-labeled pgc1alpha,unknown
lcb-eqedepegdyfewlw-nh2,unknown
labelled agagrsrhssypagt-oh,unknown
"[sar, ile8] aii",unknown
fret substrate,unknown
histone h3k14 peptide ligand,unknown
"3',5'-cGMP",135398570
lpc (16:0),18684059
lpa 18:2,20835023
boc-qrr,unknown
gtpgamma [35s],unknown
acetyl-histone h4,unknown
n-cyclohexyladenosine,unknown
4-munana,71750675
fluor de lys (r)-hdac8,unknown
flunitrazepam,3380
bodipy-gdp-gtp,unknown
[1beta]-androstenedione,unknown
pan-hdac substrate,unknown
suc-llvy aminoluciferin,unknown
[gamma33]-atp,unknown
pancreatic polypeptide,unknown
rt155,unknown
s-acetylthiocholine iodide,74629
5-iptspitttyfffkkk-cooh,unknown
sheared dna,unknown
l-ap4,179394
cocaine,446220
u-86170,131559
boc lys(tfa),unknown
pu-h71-fitc3,unknown
n-methyl-scopolamine bromide,unknown
4-methylumbelliferone,5280567
alexa-647 conjugated,unknown
butein,5281222
abp688,11481862
h-lrraslg,unknown
acetylated histone h4 peptide,unknown
[11.12]-atra,unknown
ldeetgefl-nh2,unknown
crotonyl-coa,644064
gsnkskpk,unknown
tyr3-nt,unknown
tyrosine 4 peptide,unknown
amyloid beta 42,unknown
acetoacetyl-coa,92153
senktide,108147
gamma33-atp,unknown
estrone sulphate,3001028
micb,compound name is too short
ulbp3,unknown
nepc,compound name is too short
bio-nad,unknown
methylspiperon,unknown
rrrdddsddd,131635627
poly-ey,unknown
h3k4me3 peptide,unknown
invariant chain,unknown
papc,compound name is too short
gr65630,124006
nrllltg fluorescent peptide,unknown
"[2,8] amp",unknown
rawolscine,unknown
methylglyoxal,880
ipp and fpp,unknown
[125] heat,unknown
labelled histone4,unknown
histone h2a,unknown
putrescine,1045
disaccharide,unknown
tyr-o-crf,unknown
p-nph-5'-amp,unknown
5'-ltfehywaqlts,unknown
aaaeeiygei,unknown
glutamate/tyrosine (4:1) copolymer,unknown
n-methylsuccinyl-ala-ala-pro-val-7-amino-4-methylcoumarin,unknown
isoproterenol,3779
c12-ie-dap,51350010
lc3b-gst,unknown
[6] dthd,unknown
lyn-substrate2,unknown
4-methylumbelliferyl-beta-glucopyranoside,unknown
o-npa (nitrophenyl),unknown
avpiaqksek,44460458
triolein,5497163
dl-isocitrate,unknown
kinease stk s1 peptide,unknown
ulight-labeled peptide substrate,unknown
tamra-src-tide,unknown
glu/tyr copolymer,unknown
oleoyl-lysophosphatidylcholine,16081932
desthiobiotin-atp acylphosphate probe,unknown
phospholipid,unknown
tyr 01,unknown
poly-eay peptide,unknown
munana,unknown
fluo-4-am,171378452
melanin-concentrating,unknown
4-methylumbelliferyl beta-glucopyranoside,unknown
palmitoyl-coa,644109
labeled acetylated peptide a,unknown
pgc-1alpha,unknown
oligonucleosomes,unknown
nicotine,89594
stk1,compound name is too short
rimonabant,104850
darglitazone,60870
prazosine,4893
na/gdp,unknown
[5] deoxycytidine,unknown
taurine,1123
adp-gl,unknown
5-labeled peptide,unknown
granisetron,multiply
boc-k(tfa),unknown
fluorescent p4 peptide,unknown
rhkk(ac)(379 to 382) p53 peptide,unknown
mca-lys-pro-leu-gly-leu-dap (dnp)-ala-arg-nh2,unknown
"n-(2-chloro-6-fluorobenzyl)-n-(2'-methoxy-[1,1'-biphenyl]-4-yl) methyl) benzenesulfonamide",unknown
"(2s, 4r)-4-methylglutamic acid",unknown
tamra-thr-ala-asp-ile-tyr(po3h2)-glu-nh2,unknown
succinylated gelatin,unknown
para-tyramine,5249538
[5] deoxyuridine,unknown
(/) doi,unknown
phospho-egfr asp-ala-asp-glu-tyr [po3h2]-leu-ile-pro-gln-gln-gly,unknown
u 69593,105104
ce/hdl,unknown
lip10,unknown
acetylated hela histones,unknown
hif-1alpha peptide,unknown
glu-ile-asp-leu-met-val-leu-asp,unknown
atf-2,unknown
alpha-btx,44264212
o-benzyl fluorescein benzyl ester,unknown
mca-plgldpa-ar-nh2,unknown
s-2222,11979743
qxl520-lys-his-pro-phe-his-leu-val-ile-his-lys-(5,unknown
"[tyr5 , dleu6 , nmeleu7 , pro9-net] gnrh",unknown
bh3-bak peptide,unknown
(s)-n-(biphenyl-2-yl)-1-(2-(1-methyl-1h-benzo imidazol-2-ylthio) acetyl) pyrrolidine-2-carboxamide,unknown
poly(glu:tyr),unknown
1alpha-phosphotidylinositol,unknown
"4-methylumbelliferyl-n, n', n''-beta-chitotrioside",unknown
(gfp)-4-ebp1,unknown
tamra-labeled eif4e peptide,unknown
lys-ala-p-nitroanilide,unknown
ala-pro-p-nitroanilide,6453929
ggeeeeyfelvkkkk,unknown
acetyl-h4 peptide,unknown
tetra-acetylated h4 peptide,unknown
"win-35,428",105056
"1alpha, 25-(oh) 2d3",unknown
"[1,2] androstenedione",unknown
akt1,compound name is too short
acetyllysine tripeptide coupled with 7-amino-4-methylcoumarin,unknown
cdnb,compound name is too short
"4-androstene-3,17-dione",6128
domperidone,3151
z-val-val-arg,unknown
(33p) gamma atp,unknown
2-[p-(2-carboxyethyl) phenyl-ethylamino]-5'-n-ethylcarboxamidoadenosine,unknown
gs-1,compound name is too short
"(7-methoxycoumarin-4-yl) acetyl-pro-leu-gly-leu-(3-(2,4-dinitrophenyl)-l-2,3-diaminopropionyl) ala-arg-nh2",unknown
[1] stearoyl coa,unknown
heptadecenoylethanolamide,unknown
ala-pro-p-nitroanilide salt,unknown
iaap,compound name is too short
re ihpfhlvihtk r,unknown
4mu-neuac,unknown
pgf2a,5280363
adohcy,439155
acetylcoa,444493
atp-[33p],unknown
suc-leu-tyr,unknown
ryanodine,11317883
pgg2,compound name is too short
ac-arg-gly-lys (ac),unknown
n-formylkynurenine,910
5-labeled bad peptide,unknown
5fam-dhtgflteyvatrconh2,unknown
sr142801,219077
tkqtarkstggkapr,unknown
ulight-jak1 substrate peptide,unknown
z-lle-betana,unknown
angiotensin 3,unknown
h3k9me2,unknown
45 degc,unknown
l-dihydroorotate,439216
lactate,91435
86rb,compound name is too short
acetylated p53,unknown
vegf,compound name is too short
retinol,445354
fluorogenic hdac class 2a substrate,unknown
rs79948-197,unknown
butylthiocholine iodide,unknown
cck8,compound name is too short
"[5,6,8,9,11,12,14,15] arachidonic acid",unknown
urotensin 2,46225600
17aag,6505803
l-glutamate,33032
ac-leu-glylys(tfa),unknown
adrenomedullin,multiply
boc-l-lys(epsilon-trifluoroacetyl),unknown
[beta-33p]-2mes-adp,unknown
h2n-hk-[nepsilon-acetyl-lysine]-lm-cooh,unknown
oleoyl coenzyme a,5497111
src1,compound name is too short
arg-leu-arg-gly-gly,unknown
psb-12150,unknown
hexadecyl-lpa,unknown
coumarin/fluorescein-labeled fret peptide,unknown
5-eeplywsfpakkk-conh2,unknown
poly aa/u12,unknown
corticoid,66249
citrate,31348
p(glu/tyr),unknown
syntide2 peptide,unknown
1-[n-methyl] scopolamine,unknown
poly (ra).p (dt) (12 to 18),unknown
urate,1175
"pi (4,5) p2",unknown
acetylated lysine,unknown
be-2254,34772
arg-his-lys(ac)-lys(ac),unknown
flepr,unknown
rhodamine,6694
1-acenaphthenol,22750
7-methoxy-trifluoromethylcoumarin,unknown
5'-kksrgdymtmqig-conh2,unknown
bim bh3 peptide,unknown
tetramethylrhodamine-labeled dexamethasone,unknown
gr127543,unknown
ltc4,compound name is too short
fluormone pan-ppar green,unknown
iodomla,unknown
bms-599240,57397484
l-quisqualate,unknown
4damp,unknown
lkn1,compound name is too short
val-ala-leu-val-asp-gly-tyr-phe-arg-leu-thr-thr,unknown
7-methoxy-4-trifluoromethylcoumarin,688586
h-gly-phe,unknown
2-thioacetyl mage,10452070
polyglutamic acid-tyrosine,unknown
lys-lys-arg-asn-arg-thr-leu-ser-val,unknown
17alpha-hydroxypregnenolone,91451
ala-pro-aminomethylcoumarin,unknown
11-deoxycortisol,440707
cevnldaefk,unknown
5-bid peptide,unknown
somatostatin,16129706
qf-24,unknown
5-tagged bid-bh3 peptide,unknown
nh2-kggeeeeyfelvkk-co2,unknown
suc-ala-ala-phe,unknown
h3k9-ac,unknown
thiopeptide,unknown
fluorogenic hdac class 2a,unknown
suc-ala-glu-pro-phe-4-nitroanilide,unknown
5-hydroxytryptamine creatinine disulphate,unknown
l-ala-beta-na,unknown
suc-pal,unknown
ahx-tselkkvvalydympmnand-nh2,unknown
tetra-acetylated histone h4 peptide (1-21),unknown
adp/nadh,unknown
ubg76v-gfp,unknown
mca-kpilffrlk(dnp)-r-nh2,unknown
linoleate,5460332
mcafret peptide,unknown
spermidine trichloride,unknown
eif4e,unknown
tagged p53-based peptide,unknown
prostaglandin-g2,5280883
(h2nek-evygmmk eoh),unknown
aha-eeplywsfpakkk-nh2,unknown
ser/thr 16,unknown
fret peptide substrate,unknown
peptide h3,unknown
n6-phenylisopropyladenosine,multiply
(ac)-lys-tyr-lys (acetyl),unknown
rx821001,unknown
suc-lle,unknown
biotinyl-ahx-tetra(lrrwslg),unknown
sfp3,compound name is too short
dy-peptide,unknown
akrrrlsa,unknown
fluorescent labelled fluormone es2,unknown
(qf)-24 substrate,unknown
jnj-46281222,49822115
glycine/glutamate,unknown
fluorogenic peptide substrate,unknown
"pi(4,5) p2",unknown
"4-(2,6-difluoro-4-methoxybenzyl)-2-(5,6-dimethoxypyridin-3-yl)-1,2,4-benzothiadiazin-3(4h)-one 1,1-dioxide",unknown
no71156,unknown
luminogenic substrate,unknown
hif1alpha,unknown
h-gln-hydrobromide,unknown
aamca,16218957
3 [h]-cp55940,unknown
acetylated-labelled rhgsgsk,unknown
popc-hdl,unknown
peptide h4,unknown
poly(glu4/tyr) and [gamma32p] atp,unknown
s2251,907504
fluorogenic hdac,unknown
n6-(4-amino-3-iodobenzyl) adenosine-5-n-methyluronamide,unknown
og488,unknown
kemptide salt,unknown
2-hydroxyoctanoic acid,94180
cck-2,unknown
nanoglo,unknown
(6-ki (py) vv,unknown
"[1beta, 2beta3h] androstenedione",unknown
sst-28,16133849
(3-tyr11)-srif-28,unknown
nbd-stearate,3081114
"2,3-dimethoxy-5-iodo-n-[9-benzyl-9-azabicyclo [3.3.1] nonan-3beta-yl] benzamide",unknown
"[1beta, 2beta3h]-] testosterone",unknown
5'-45-bp unmethylated or hemimethylated oligonucleotide,unknown
c6-grgkggkglgkggak,unknown
eaiyapfakkk-nh2,unknown
acpu,compound name is too short
iaba,compound name is too short
2-trans-dodecenoyl-coa,11966110
[5] dutp,unknown
n-acetyl-kpr,unknown
snap-25(187-203),unknown
arkrrrhpsgppta,unknown
dmapp,647
malonyl-coa,644066
sphingomyelin,unknown
11 deoxycorticosterone,unknown
labelled tetra-acetylated histone h4 peptide,unknown
linked jq1 probe,unknown
butyrylcholine chloride,76297
boc-lys-(epsilon-ac),unknown
fluormone vdr red,unknown
5'-efpiydflpakkk-conh2,unknown
eif4e peptide,unknown
h4(1 to 24),unknown
5'-kkkkeeiyfff-conh2,unknown
3 [h] r-pia,unknown
gs-2 peptide,unknown
[125l]-lodomelatonin,unknown
h2n-arg-his-lys(ac)-lys(ac),unknown
q-c(hs03)-lle-asp-leu-ala-val-leu-asp-hn-ch2-ch2-mca,unknown
[33] pi,unknown
grkacfgc,unknown
(ac) arg-gly-lys(ac),unknown
aggrecan,unknown
butylthiocholine,unknown
ac-lys-tyr-lys (acetyl),unknown
tamra-thr-ala-asp-ile-tyr(po3h2)-glu-nh2 peptide,unknown
z-leu-leu-glu,unknown
thallos-am dye,unknown
trp6-lhrh,unknown
z-(ac)-lys,unknown
c8-coa,unknown
acetyl-lys(ac),unknown
z-lle,unknown
trans-2-dodecenoyl-coa,unknown
sphingosine and [gamma] atp,unknown
ac-rhkkacw-nh2,unknown
z-leu-arg,unknown
hu-243,5311171
"[1,2] 11-deoxycorticosterone",unknown
panvera z'-lyte,unknown
boc-leu-arg-arg,unknown
tyrosine-6 peptide,unknown
bml-ki104,unknown
diltiazem,39186
olamide,unknown
gpp and-ipp,unknown
2-nbdg,6711157
[1] oleoyl-coa,unknown
triiodothyronine,5920
[sar1-ile8]-ang2,unknown
acetylated histones,unknown
isda,compound name is too short
mip1beta,unknown
abz-lpatg-dnp,unknown
"5-(3-(3-(6-amino-8-(6-iodobenzo [1,3] dioxol-5-ylthio)-9h-purin-9-yl) propyl) thioureido)-2-(6-hydroxy-3-oxo-xanthen-9-yl) benzoic acid",unknown
amyloid beta(1-42),unknown
adac,compound name is too short
suc-ala-glu-pro-phe-mca,unknown
angiotensin 1,unknown
e1s/e1s,unknown
flurogenic ac-leuglylys(ac),unknown
alexa-fluor tracer-236,unknown
e1/e1,unknown
ser/thr3,unknown
1dmenpff,unknown
[s] 2,unknown
a-804598,53325874
ac-ldevd,unknown
methylcysteine,multiply
plai,compound name is too short
afrrewspgkeakk,unknown
synthetic peptide,unknown
fluor de lys green deacetylase,unknown
c10-dag and c10-coa,unknown
dmpc-and c17-ceramide,unknown
fluoresceine-labelled poly-gt peptide,unknown
yrraavppspslsrhssphq (ps) edeee,unknown
hif1-alpha,unknown
ulight-labeled 4ebp1 peptide,unknown
n-methyl scopolamine chloride,unknown
poly-(glu4-tyr),unknown
mocacarg-pro-lys-pro-val-glu-nva-trp-arg-lys (dnp)-nh2,unknown
suc-ala-ala-pro-phe-mca,20833017
acoh,compound name is too short
fl-atf-2,unknown
tyrosine04 peptide,unknown
"4-methylumbelliferyl-beta-n, n-diacetylchitobioside",unknown
tracer red,unknown
acetyl-lysine containing peptide,unknown
oligonucleosome,unknown
srif-14,unknown
udp-gal/lactose,unknown
nbd-sph,unknown
poly (a)/oligo (dt) 15,unknown
"labeled 4-(4-(1-(4-(1-(6-(4-(6-amino-3-imino-4,5-disulfo-xanthen-9-yl)-3-carboxybenzamido) hexyl)-1h-1,2,3-triazol-4-yl) butyl) piperidin-4-yl) phenyl)-7-(4-(trifluoromethyl) phenyl)-2-naphthoic acid",unknown
dy647,unknown
nad (p) h,unknown
qsy7-eisevnldaefc-europium-amide,unknown
[3h2] 25-hydroxycholesterol,unknown
"(1s, 3r)-1-aminocyclopentane-1,3-dicarboxylic acid",unknown
[33p] 2-mes-adp,unknown
t1317,15355
art-k(me1)-qtarkstggkaprkqlaggk,unknown
ur-de257,unknown
nad/sldna,unknown
boc-qlr,unknown
a-585539,unknown
prib-pp,7339
ccl20,unknown
cffknivtprtpppsqgk-amide,unknown
3 [h] cgs21680,unknown
tridecapeptide substrate,unknown
4-munana substrate,unknown
gw4064,9893571
r-i-cad/dmc,unknown
af-dx384,119356
decylubiquinone,2971
"2,5,6-dopamine",unknown
benzyloxycarbonyl-lys-thiobenzyl,unknown
fluorescein labeled smac peptide,unknown
xl665-labeled cortisol,unknown
cvf-fb,unknown
psb-12105,unknown
nad/propionaldehyde,unknown
[4] ipp,unknown
cyclic amp,6076
galphao,unknown
poly [glu:tyr](4:1) peptide,unknown
vinblastine,13342
rhkk(ac) w-nh2,unknown
(+) 8-oh-dpat,unknown
[125] doi,unknown
rs repeat peptide,169494125
samdi,unknown
type 1 collagen,unknown
"ptdins(4,5) p2",unknown
gfp-4e-bp1,unknown
poly glu:tyr(4:1),unknown
fluorescein-labeled poly gat,unknown
flu-bid-bid,unknown
fluorescein pgc1alpha,unknown
h3k9 succinyl peptide,unknown
dopa,compound name is too short
l-glu,33032
mocacplgla2pr(dnp)-ar-nh2,unknown
"ala-6,12",unknown
long s6 kinase,unknown
l-glutamine,5961
"4-(2,4-dichloro-3-methylphenoxy)-l'-[4-(methylsulfonyl) benzoyl]-l, 4'-bipiperidine",unknown
"4-methylumbelliferyl-beta-n, n', n [unk]-triacetylchitotrioside",unknown
acetyl-histone-h4 peptide,unknown
ffrf-nh2,unknown
h3k9me3 peptide and alpha-ketoglutarate,unknown
fluorogenic hdac 2a substrate,unknown
arg-glu-ile-his-pro-phe-his-leu-val-ile-his-thr-lys-arg,unknown
ac-wlr,unknown
z-lle-mca,unknown
boc-lrr-mca,unknown
[n-methyl] lsd,unknown
fret substrate with,unknown
h3k27me3,unknown
"ins (1,3,4,5) p4",unknown
hdac substrate 3,unknown
iabopx,unknown
psb0413,unknown
bps hdac substrate 3,unknown
bodipy gdp,unknown
rhk-k(ac)-k(ac),unknown
"4-methylumbelliferyl-beta-n, n', n \ [unk] \ [unk]-triacetylchitotrioside",unknown
asialofetuin,unknown
ap aypgkf-nh2,unknown
conjugated jq1,unknown
[n-methyl] gw0438,unknown
5-carboxyfluorescein-rpraatf-nh2,unknown
bodipy,25058173
"(r, s)-[5-methyl] ampa",unknown
butyrylcholine,17233
s6 peptide,90478307
fluormone-pan-ppar green,unknown
naag/naag,unknown
staphyl,unknown
fitc3-labeled pu-h71,unknown
histone h3 ser10,unknown
s-butyrylcholine iodide,140400417
"sch-58,261",unknown
abz-yvaeapk(dnp) g-oh,unknown
4mu-neu5ac,unknown
mca-gly-lys-pro-ile-leu-phe-phe-arg-leu-lys-(dnp)-arg-nh2,unknown
n6-(r)-phenylisopropyladenosine,93205
n6-cyclohexyladenosinene,unknown
n6-pia,unknown
jh3 peptide substrate,unknown
histone h3-derived peptide/sam,unknown
glyceraldehyde,751
ac-leu-gly-lys(tfa),unknown
(r)-p1a,unknown
ly278584,3970
ly459477,15479143
cp55960,unknown
rkqlatkaark (me3) sapatggvkkp-nh2 peptide,unknown
pyrglu-arg-thr-lys-arg-7-amido-4-methylcoumarin,unknown
lysergic acid,6717
kkkvsrsglyrsp,unknown
(nh2-artk (me2)-qtarkstggkaprkqka-cooh,unknown
ac-eiygefkkk,unknown
amyloidbeta,unknown
ac-tatksgsttknr-nh2,unknown
poly (glu-tyr) 4:1,unknown
trans-2-decenoyl-n-acetylcysteamine,129661176
glutamic acid/glycine,unknown
[2h10] no 711,unknown
acetylated histone,unknown
ala-(l-4-f-phe)-pro-gly-trp-leu-val-lys-asn-gly,unknown
zm241385/iabopx,unknown
"[lys (5,8,12,16) ac] h4 (1-21)",unknown
4-nitrophenol,980
[3] sphingosine,unknown
tyr 02,unknown
rrraddsdddd,unknown
zmtfal,unknown
"pyruvate, coenzymea and nad",unknown
hh-ag,unknown
acetylcholine iodate,unknown
fluor de lys(r),unknown
osip339391,5311041
tak-875,24857286
a585539,unknown
glu/tyr peptide,unknown
g6p and nadp,unknown
[35] gtpgammas,unknown
mpsdktigg,unknown
"[ala6,12] orexin-a",unknown
para-nitroanilide,unknown
ggqslk [succ] fgkg,unknown
[125] iabn,unknown
fluorogenic product,unknown
apob,compound name is too short
gr-125743,5311130
hu-ii,unknown
tamra labeled dexamethasone,unknown
pyroglu-pro-arg,77254966
glu-arg-nle-phe-le u-ser-phe-pro,unknown
8-oh dpat,1220
[3h2]-f3-methyl aa(1),unknown
na-methylhistamine,unknown
fluorescein labeled ligand,unknown
"[ile5,6] deltorphin ii",unknown
neomonapride,unknown
p-cl-dpdpe,unknown
alpha bungarotoxin,44264212
way-100635,5684
alpha-msh,16133793
gglfddpsyvnvqnl,unknown
"2-(4-{2-[3-(2,4-difluoro-phenyl)-1-heptyl-ureido]-ethyl}-phenoxy)-2-methyl butyric acid",unknown
ovta antagonist,unknown
alpha,14647596
ang2,compound name is too short
inorganic,unknown
pefachrome,unknown
bax-derived peptide,unknown
mpepy,10081842
tritium labeled ligand,unknown
labeled h4,unknown
"poly(glu:tyr, 4:1)",unknown
neurokinin a,5311311
sar-met substance p,unknown
[20] pdbu,unknown
lva antagonist,unknown
methionylprolyl-p-nitroanilide,unknown
fluorescein isothiocyanate labeled geldanamycin,unknown
bromothymol blue,6450
galanin,16133823
ser/thr 03,unknown
cgp 12177,2687
sch23990,unknown
leukotriene,unknown
(+) butaclamol,37461
u50488,3036289
val-ser-gln-asn-(beta-naphtyl) ala-pro-ile-val,unknown
5-dopamine,unknown
polypeptide substrate,unknown
fluorescein labeled estradiol,unknown
5-norepinephrine,unknown
small molecule ligand,unknown
cck-8,9833444
sar ile-aii,unknown
arachidonyl amide,unknown
radiolabeled ligand,unknown
6-carboxyfluorescein succinimidyl ester fluorescence tagged-bid bh3 peptide,unknown
z-lys-thiobenzyl,unknown
cmngc,unknown
labeled mip-1alpha,unknown
"sar, ile aii",unknown
[11c] daa1106,unknown
n-acetyl-l-aspartyl-l-glutamate,6992083
lck peptide,unknown
bh3 peptide,unknown
ditolylguanidine,7333
guanidinium,32838
i-t3,compound name is too short
nbti,compound name is too short
"ly-341,495",9819927
5-(saenta)-x8-fluorescein,24860452
orexin,9815675
pnpb,compound name is too short
sodium citrate,6224
iodoaminopotentidine,181461
pamca,unknown
n-alpha-methyl histamine,unknown
[35s] gtp-delta-s,unknown
para-nitrophenylacetate,6931101
meo-suc-ala-ala-pro-val,unknown
morphine,5288826
kinase tracer 236,unknown
"poly-(glu, tyr)",unknown
unmethylated h3k27,unknown
gamma-[32] p-atp,unknown
labeled h4 peptide,unknown
plpc,compound name is too short
meosuc-aapv,unknown
"myophosphatidylinositol 4,5-bisphosphate",unknown
"tyr4-sar1 , ile8-angiotensin ii",unknown
poly-gt,unknown
polyglu4:tyr peptide,unknown
ulight-cffknivtprtpppsqgk-amide,unknown
labeled kinase tracer 314,unknown
oxidized tmpd,unknown
dimethylated h3k27,unknown
m-2420,unknown
h4 peptide,unknown
459477,unknown
auroratide,unknown
fondaparinux,5282448
ac-kglgk (ac)-mca,unknown
43-mer vqtvtwpdmelplprnitegeargsviltvkpifevspsplkg,unknown
ulight topo iia(thr 1342) peptide,unknown
z-arg-gly-arg-.2,unknown
mca-pro-leu-gly-leu-dap(dnp)-ala-arg-nh2,multiply
tyrosine,6057
pglu-arg-thr-lys-arg-peptide,unknown
tamra-pkatide,unknown
stk s2,unknown
papg,compound name is too short
cl264,90362358
pape,compound name is too short
7-methoxy-4-trifluoromethyl coumarin,unknown
1-anilinonapthalene 8-sulfonic acid,unknown
boc lys (ac),unknown
tfsdlwkll peptide,unknown
sq29548,5311448
gfp-atf2,unknown
n6-r-phenylisopropyladenosine,unknown
"acetyl-histone h4 (lys5,8,12,16) peptide",unknown
daunomycin,30323
2-[p-(2-carboxyethyl) phenylethylamino]-5-n-ethylcarboxamidoadenosine,unknown
erk5,compound name is too short
amyloid beta(1 to 40),unknown
jnk1,compound name is too short
z-leu-leu-arg,unknown
"digoxigenin (dig)-dutp,-dutp",unknown
pyroglu-pro-arg-p-na.,unknown
somatostatin-14(tyr11),unknown
rrhyyydthtntyylrtfghntrr,unknown
mre-3008-f20,5310960
"1alpha, 25(oh) 2d3",unknown
cbz-lys(ac),unknown
"digoxigenin (dig)-dutp,-dutp and",unknown
aminohexyl-eeeeyfelvakkkk-nh2,unknown
ccl5,compound name is too short
[1beta3h]-androstenedione,unknown
ea2 peptide,unknown
leu-arg-arg-ala-ser-leu-gly,9962276
eu-cAMP,unknown
"1,2-dimyristoyl-sn-glycero-3-phosphocholine",multiply
"(7-methoxycoumarin-4-yl) acetyl pro-leu-gly-leu-[3-(2,4-dinitrophenyl)-l-2,3-diamino-propionyl]-ala-arg-nh2",unknown
"h4 k5,8,12,16ac peptide",unknown
dye-labeled tracer,unknown
gr125743,5311130
tyr 04,unknown
[5'] imp,unknown
npm-alk,unknown
lsnlyhqgkflqtfcgsplyrrr,unknown
nbd-sphingomyelin,45480636
labeled bim peptide,unknown
labelled ahx-gdedfssfaepg peptide,unknown
p22phox149-162,unknown
ac-arg-leu-ile-lys (ac),unknown
ac-tyr-lys-leu-lys (ac),unknown
h3k27me3 peptide,127054021
fluorogenic substrate 3,unknown
boc-lys-(tfa),unknown
iygefkkk,unknown
[3] androstenedione,unknown
poly(a)/oligo(dt) 15,unknown
ulight-labeled substrate,unknown
methoxy-pepy,10081842
snaptide flp6,unknown
u-light,unknown
z-phe-arg-mca,unknown
mca-pro-leu-gly-leu-dpa(dnp)-ala-arg-nh2,unknown
pbr322,unknown
l-cys,5862
ser/thr 07 peptide,unknown
z(ac) lys,unknown
h-cys,unknown
fs-6,compound name is too short
gfp-4ebp1,unknown
erythro sphingosine,unknown
eqedepegdyfewle-nh2 peptide,unknown
dig-labeled dutp-labeled dutp and dttp,unknown
(z-(ac) lys,unknown
5-fluo-ahx-kkkkeeiyfffg-nh2 peptide,unknown
l-tyrosine and dopa,unknown
gsk170,unknown
luciferin methyl ester,unknown
farnesylamine,3080630
fluorescein-poly-gat,unknown
fluorescently-labeled substrate,unknown
dofetolide,unknown
ki 177,unknown
alpha-ketoglutarate and nadph,unknown
tetra lrrwslg,unknown
"cp, 55-940",unknown
clobenpropit,2790
ur-deba176,155513611
luciferin derivative substrate,unknown
sumo1,unknown
[(u)]-glycine,unknown
[4]-11-deoxycorticosterone,unknown
"poly(lys, tyr)",unknown
"am-cyclic-3', 5'-amp",unknown
diaminopentane,unknown
src1 peptide,unknown
benzoylbenzoic atp,unknown
hts1,compound name is too short
sch233930,unknown
geeplywsfpakkk,unknown
methyl alpha-glucopyranoside,unknown
"[1beta, 2beta] testosterone",unknown
"poly (4:1 glu, tyr) peptide",unknown
pyroglu-arg-thr-lys-arg-peptide,unknown
p38 peptide,unknown
cimaterol,2755
mca-kkvypypme-dap(dnp)-nh2 peptide,unknown
thiocholine iodide,3014543
ketanserine,3822
moca-sev-nl-daefr-dnp-rr,unknown
atf2-gfp,unknown
jh3 peptide,unknown
4-np-glcnac,unknown
tracer,unknown
anandamido-amino-methyl-cumarin,unknown
ulight-rrrslle,unknown
ahx-pwdpddaditeilg,unknown
crebtide,25092394
phospho-ulight-ikappab-alpha,unknown
"[2,4,6,7]-e2",unknown
sar1ile8-angiotensin 2,unknown
n-methyldihydronicotinamide,unknown
"[2,4,6,7]-e1",unknown
"c-terminal synthetic k5,12 diacetylated histone h4 (1 to 20 residues) peptide",unknown
[1] pantothenate,unknown
ardiyrasffrkggcamlpvk,unknown
mek1-avitag,unknown
z-qpk (me) 2k (ac),unknown
[gamma],unknown
agrp (83132),unknown
abz-gly-ile-val-arg-ala-lys (dnp)-oh,unknown
18-mer single stranded oligonucleotide dna,unknown
z'-lyte tyr-1 peptide,unknown
amyloid beta42,unknown
z'-lyte try6 peptide,unknown
z'-lyte ser/thr3 peptide,unknown
sam/dopamine,unknown
disbac2,23212271
h4ac4 peptide,unknown
gst-mek1 (k96r),unknown
mouse osteopontin,unknown
labeled linear double-stranded oligonucleotide,unknown
palmitate,985
synthetic peptide substrate,unknown
atp/enos,unknown
anaphylatoxin c5a,unknown
33p-gammaatp,unknown
s-(5'-adenosyl)-l-methionine chloride,90473
"tert-butyl 4-(1-(4-(methylsulfonyl) phenyl)-1h-pyrazolo [3,4] pyrimidin-4-yloxy) piperidine-1-carboxylate",unknown
[choline-methyl] dipalmitoyl-phosphotidylcholine,unknown
1-butanol,263
isgase (suk) divhse g peptide,unknown
ac-dtedvvp (nva)-o-4-pap,unknown
labeled (+)-jq1,unknown
urotensin2,unknown
fluorescent labeled noxa peptide,unknown
"14,15-eet",5283205
tyrosine kinase substrate,unknown
[h3]-cp-55940,unknown
histone h3 peptide (1 to 15),unknown
2-arachidonoyl-glycerol,5282280
ark (me3) stggk,unknown
oleyl-coenzyme a,5497111
f-bak (gqvgrqlaiigdk (6-inr-amide,unknown
tyr13-mch,unknown
"alpha, beta-meatp",unknown
rhk-k (ac),unknown
fluor de lys-sirt1,unknown
iodo-mla,71454525
eu-labeled galanin,unknown
mch (4 to 19,unknown
amyloid beta40,unknown
gastrin peptide,unknown
labeled ligand,unknown
akrrrlsslra,unknown
l-691831,131982
[45ca2+],unknown
341495,unknown
igf-1,unknown
batcp,11249040
mocpac,11317885
ulight-jak1,unknown
c18-platelet activating factor,unknown
decanoyl-coa,164800
mhtt,compound name is too short
win-552122,5311501
gly-phe,92953
gs2 peptide,unknown
[14]-metformin,unknown
l-a-phosphatidylinositol/octylglucoside,unknown
almorexant,23727689
poly (glu:tyr) 4:1,unknown
ccl27-fc,unknown
human cgrp,16132372
gst-tagged smad3,unknown
[tyr14] nociceptin,unknown
z-lys-thiobenzyl ester,unknown
brem,compound name is too short
] dslet,unknown
activating peptide,unknown
europium-labeled gtp,unknown
ccl28,unknown
acetyl-ldl,unknown
carnitine,288
eu-evnldaefk-quencher,unknown
nf608,unknown
"[1,2,6,7] androstenedione",unknown
glyceraldehyde-3,unknown
fluorescein-labeled lrrktide peptide,unknown
5'-end-labeled linear oligonucleotide,unknown
arginine vasopressin,644077
egpwleeeeeaygwmdf,unknown
2-apb,1598
btn-ahx-gsrahsshlkskkgqstsrh-amide,unknown
[alpha] atp,unknown
biotinaminohexanoyl-gsrahsshlkskkgqstsrh,unknown
p70s6k,unknown
cbz-gln-gly,unknown
nano-bret furimazine,unknown
q-fret substrate,unknown
bio-cdc peptide,unknown
plasmid dna,unknown
fkrgvl-acetyllys-eygvkv,unknown
h-lys-ala-.2,unknown
tetrahydrofolate,135444742
pgf2-alpha,5280363
"[1,2]-11-deoxy-corticosterone",unknown
kkrpqrrsnvf,unknown
labeled sp,unknown
biotinyl-aysralsrqlssgvseircooh,unknown
resorufin-beta-glucopyranoside,unknown
iodovinyl-tbz,unknown
5-lox,unknown
lta4,compound name is too short
h4k20me2,unknown
labelled dsdna,unknown
all-trans-retinal,638015
6-his-flag-tev-brdt,unknown
s2238,11998575
"(r)-na-diphenylacetyl-nomega [2-([2,3-]-propionylamino) ethyl] aminocarbonyl (4-hydroxybenzyl)-argininamide",unknown
5fam-rkrqgsvrrrvh-cooh,unknown
amplex red,167453
app swedish mutant,unknown
gsk3beta,unknown
[125l] orexin a,unknown
sam and,unknown
groalpha,unknown
sq-29548,multiply
bisp-nitrophenyl,unknown
choline-methyl-dipalmitoylphosphatidylcholine,unknown
phosphatidylbutanol,multiply
"1,25 (oh) 2d3",unknown
mugs,compound name is too short
"5-[(3-hydroxypropyl) thio]-3-methyl-1-[2-(methyl-) propyl-2,3-t2]-6-(1-naphthalenylmethyl)-1h-pyrrolo [3,4] pyrimidine-2,4 (6h)-dione",unknown
omnia y peptide-12,unknown
cimetidine,2756
labeled bh3 peptide,unknown
mrs5346,unknown
capsazepine,2733484
gro-alpha,unknown
metastin,71306396
eu-cevnldaefk-qsy 7,unknown
7-oh-pipat,6305587
hcxcl8,unknown
gssg,compound name is too short
"[phe13 , tyr19]-mch",unknown
tyr10-nps,unknown
5-fluo-ahx-akrrrlsslra-cooh,unknown
methoxyresorufin,119220
egcg,compound name is too short
luciferase mrna,unknown
neurokinin b,5311312
ly341495,9819927
beta,compound name is too short
gpp/ipp,unknown
fpia,compound name is too short
5'-acaggcctagcacgcgtcg-3'annealed with 5'-cgacgcgtggtaggcctgt-biotin3'/5'-atgtggaaaatctctagcagt-3'annealed with 5'-tgagctcgagattttcca',unknown
avpiaqksek (epsilon)-oh,unknown
5'-6-aaa-tat-tcc-cta-ata-gat-aat-gtg-a-tamra-3',unknown
metastin (40-54),unknown
flt3,compound name is too short
tamoxifen,2733526
her2 peptide,unknown
hiv-1 3b,unknown
hsp27,unknown
h3k9,compound name is too short
linoleic,5280450
atchcl,unknown
5-efpiydflpakkk-conh2,unknown
n-(4-methyl-2-oxo-chromen-7-yl)-hexadecanamide,unknown
dcpipas,unknown
capsiacin,unknown
alcam,unknown
d545701,unknown
nam/prpp,unknown
cholesterol ester,unknown
5-fluo-ahx-gapdyenlqelnkk-amide,unknown
i309,compound name is too short
1p10,compound name is too short
al-11,unknown
mephe7-nkb,unknown
vegf-a125,unknown
[n-methyl] win-35428,unknown
fl-eeplywsfpakkk-conh2 peptide,unknown
h3k9me3 peptide,unknown
methylthymidine,65062
bak-bh3 peptide probe,unknown
appbeta,unknown
"[tyr0-glu1 , nle17]-ps-svg",unknown
heparin,unknown
[tyr0-glu1]-pd-svg,unknown
mocac-pro-leu-gly-leu-a2p (dnp)-ala-arg-nh2,unknown
[n-methyl] nisoxetine,unknown
ac-rhkk (ac),unknown
lysine 9 trimethylated peptide,unknown
n-terminal fluorescein coupled kisgrlspimteq,unknown
traf2,unknown
estron-3,unknown
sb222200,6604009
mca-arg-pro-leu-gly-leu-dpa-ala-arg-glu-arg-nh2,unknown
dihydrotetrabenazine,123836
abz-thr-ile-p-nitrophenylalanine-phe-gln-arg-nh2,unknown
9-cis-retinoic acid,449171
c6-kkhtddgympmspgva-nh2,unknown
angiotensin-2,unknown
igf1,compound name is too short
2-methylthio-adp,multiply
a-beta-40,unknown
mouse mcp1,unknown
mek1 k97m,unknown
"5-(dimethylamino)-2-{6-[(5-(4-(4-methylpiperidin-1-yl) butyl) naphthalen-2-yl) oxy] hexyl} isoindole-1,3-dione",unknown
poly (glu-tyr),unknown
h3kac14 peptide,unknown
abitide,unknown
"sr-141,716a",unknown
fluorescently labelled estradiol,unknown
u-46619,multiply
histone h2b peptide,unknown
"5-(dimethylamino)-2-(6-(5-(4-(4-methylpiperidin-1-yl) butyl)-5,6,7,8-tetrahydronaphthalen-2-yl) oxy) hexyl) isoindoline-1,3-dione",unknown
fructose 6,unknown
z-fr-mca fluorogenic,unknown
"n-(4-(1,1,1,3,3,3-hexafluoro-2-hydroxypropan-2-yl) phenyl)-n-methylbenzenesulfonamide",unknown
bodipy-nc005,unknown
[trp6] gnrh1,unknown
tissue type plasminogen activator,unknown
bh-jmv-179,unknown
type-2 collagen,unknown
her2,compound name is too short
l-a-phosphatidylinositol,unknown
inbmeo,unknown
cholesterol ester/hdl,unknown
[5] dump,unknown
il17a,unknown
tyr14-nc/ofq,unknown
haloperidol,3559
[125]-hnpw23,unknown
glucose-6,unknown
[1] farnesol,unknown
sar1ile8-ang2,unknown
5'-labeled single-stranded dna oligonucleotide containing 3'-phosphotyrosine,unknown
urokinase type plasminogen activator,unknown
fluo-5 (6)-carboxyfluorescein)-rpraatf-nh2,unknown
dynorphin a,unknown
ac-leu-gly-lys (ac),unknown
[17-alpha-methyl]-mibolerone,unknown
"1,25d3",5280453
resiniferatoxin,5702546
biotinyl-amino-hexanoyl-eqedepegdyfewle-amide,unknown
[1beta3h] androstenedione,unknown
tyrosine/glutamic acid copolymer,unknown
methyl lysine peptide,unknown
"[35s] (2s, 3s, 4s, 5r, 6s)-6-(4-(2s, 3r)-3-(s)-3-(4-fluorophenyl)-3-hydroxypropyl)-1-(4-(3-(methylsulfonamido) prop-1-ynyl) phenyl)-4-oxoazetidin-2-yl) phenoxy)-3,4,5-trihydroxytetrahydro-pyran-2-carboxylic acid",unknown
yrraavppspslsrhssphqs (p) edeee,unknown
lpldkdyyvvrepgq,unknown
pip2 liposomes,unknown
rrraddsddddd,unknown
"[2,4,6,7] estrone",unknown
acetyl choline,unknown
iodo-(/)-cyanopindolol,unknown
"ins (1,4,5) p3",unknown
rhkk (ac),unknown
win-35,unknown
abz-laqavrsssr-dpa,unknown
mk-499,9934294
z-lys-thiobenzylester,unknown
[i] stearoyl coa,unknown
win-35248,unknown
ag1.5,unknown
dhpg,compound name is too short
tyr1,compound name is too short
oaa and naph,unknown
creb,compound name is too short
cypet and ypet,unknown
tyr0-ovine crf,unknown
poly-gt peptide,unknown
(ac) rhkk (ac),unknown
"cgs-21,680",unknown
"(s)-2-(2s, 4r)-4-(azetidin-1-yl)-1-(3-iodophenylsulfonyl) pyrrolidine-2-carboxamido)-3-(4-(3,5-dichloroisonicotinamido) phenyl) propanoic acid",unknown
s-citalopram,unknown
psb-298,unknown
mre2029-f20,unknown
lpc 16:0,multiply
dhcerc6nbd,unknown
cpga,compound name is too short
n-arachidonoyl-dopamine,5282105
hmwk,compound name is too short
carbon-dioxide,280
bicarbonate,769
ub4-pepog protein,unknown
2-arachidonoyl glycerol,5282280
8-hydroxy-2-(di-n-propylamino) tetralin,unknown
gst-plcgamma,unknown
mek1 k97r mutant,unknown
arg-his-lys (ac)-lys (ac),unknown
fructose-1,unknown
pittsburgh compound b,2826731
dna-dntp,unknown
egfp-labeled tnfalpha,unknown
5cf-gpmqsptplng-nh2,unknown
abeta,57339251
gfp-tagged histone h4,unknown
pcck-8,unknown
ccf4-am,unknown
type i collagen,unknown
pyroglu-gly-arg-p-na.,unknown
amyloid beta (1 to 40,unknown
h-gly-arg,6426706
btc iodide,unknown
bak-bh3-bim-bh3,unknown
ip-10,135418368
cbz-phe-his-leu-oh,unknown
hnpw23,unknown
sodium acetate,517045
imsb,compound name is too short
5'end-labeled linear 21'mer,unknown
qrfp43,unknown
"8-ethyl-4-methyl-2-phenyl-(8r)-4,5,7,8-tetrahydro-1h-imidazo [2,1-i]-purin-5-one",unknown
tzdm,compound name is too short
(5/qx) fret peptide,unknown
xanomeline,60809
u5a/u5b double-stranded dna,unknown
s110b,unknown
decanoylcoa,unknown
vcam1,unknown
catechol,289
5'-aat ccg tcg agc aga gtt-3',unknown
nibr51,2726776
ss-28,unknown
hepatitis,unknown
(amino hexonoic acid)-eeeeyfelvakkkconh2,unknown
[his9]-ghrelin,unknown
pr-104a,9848786
coumarin ester substrate,unknown
5-carboxyfluorescein-eeplywsfpakkk-nh2,unknown
oxotremorine m,4629
bay-38-7271,9845561
"m7,3'-o-gpppg-capped 5'utrbetaglob-luc",unknown
ht-01 probe,unknown
oregon-green probe,unknown
poly-glu/tyr (4:1) peptide,unknown
ro5-4864,1688
eu-dtpa,unknown
"2-[1,2] deoxy-glucose",unknown
pirenzepine (pz),unknown
2-deoxyglucose,108223
(europium) cevnldaefk (qsy7),unknown
5-rsrhssypagt-conh2,unknown
leucine,6106
"win35,428",unknown
pep1,compound name is too short
palmitic acid,985
"7-alpha, 25-ohc",unknown
aminomethylcoumarin,11608009
diprenorphin,unknown
disaccharides,unknown
"levo [ring-2,5,6] norepinephrine",unknown
"[alpha, beta-(n)]-5-hydroxytryptamine",unknown
gpp (nh) p,unknown
gtp-gamma-s,135398675
"(14-(2-{[3-({2-{[4-(cyanomethyl) phenyl] amino}-6-[(5-cyclopropyl-1h-pyrazol-3-yl)-amino]-4-pyrimidinyl} amino) propyl] amino}-2-oxoethyl)-16,16,18,18-tetramethyl-6,7,7a, 8a, 9,10,16,18-octahydrobenzo [2'', 3''] indolizino-[8'', 7'':5', 6'] pyrano [3', 2':3,4] pyrido [1,2-a] indol-5-ium-2-sulfonate",unknown
paba,compound name is too short
fluorescence labeled substrate,unknown
4-methylumbellifereno-glc,unknown
sfllrn-nh2,unknown
n-acetyldopamine,100526
